id,itemName,itemTyp,useTyp,itemQua,isEff,maxSta,recTyp,recPri,usaLvl,disPRI,locat,transItem,transNeed,amount,dropMethod,resId,itemInfo,value,script
10000,友情点,15,-1,4,0,999,2,-1,1,89,1,-1,-1,-1,1,10000,友情点,-1,-1
10001,体力药剂,1,0,3,0,999,2,-1,1,89,1,-1,-1,-1,1,10001,增加10点体力,10,self.owner.attribute.addPower(%d)
10002,精力药剂,1,0,3,0,999,2,-1,1,89,1,-1,-1,-1,1,10002,增加5点精力,5,self.owner.attribute.addEnergy(%d)
10003,天罡令,1,2,4,1,999,2,-1,1,89,1,-1,-1,-1,-1,10003,免费进行一次金币抽卡,-1,-1
10004,地煞令,1,2,3,0,999,2,-1,1,89,1,-1,-1,-1,-1,10004,免费进行一次银币抽卡,-1,-1
10005,刷新令,1,-1,4,0,999,2,-1,1,89,1,-1,-1,-1,1,10005,刷新一次炼化炉商店,-1,-1
10006,小免战牌,1,-1,3,0,999,2,-1,1,89,1,-1,-1,-1,1,10006,使用获得4小时内免受掠夺效果,4,-1
10007,大免战牌,1,-1,4,0,999,2,-1,1,89,1,-1,-1,-1,1,10007,使用获得8小时内免受掠夺效果,8,-1
10008,洗炼石,1,1,3,0,999,2,-1,1,89,1,-1,-1,-1,1|4|14,10008,洗练装备的必备材料,-1,-1
10009,阵型石,1,-1,3,1,999,2,-1,1,89,1,-1,-1,-1,1,10009,阵型精炼材料，可以替代所有阵法消耗。,-1,-1
10010,扫荡券,1,-1,3,0,999,2,-1,1,89,1,-1,-1,-1,1|6,10010,扫荡必备材料，每次扫荡消耗一个。,-1,-1
10011,小经验丹,1,1,2,0,999,2,-1,1,89,1,-1,-1,-1,1|6,10011,使用增加指定英雄50经验,50,-1
10012,中经验丹,1,1,3,0,999,2,-1,1,89,1,-1,-1,-1,1|6,10012,使用增加指定英雄100经验,100,-1
10013,大经验丹,1,1,4,0,999,2,-1,1,89,1,-1,-1,-1,1|6,10013,使用增加指定英雄300经验,300,-1
10014,超级经验丹,1,1,5,1,999,2,-1,1,89,1,-1,-1,-1,1|6,10014,使用增加指定英雄1000经验,1000,-1
10015,结缘丹,1,4,4,1,999,2,-1,1,89,1,-1,-1,-1,1,10015,刷新或结识英雄必备礼物,-1,-1
10016,低级强化石,1,5,2,0,999,2,-1,1,89,1,-1,32116|32216|32316,-1,2|1,10016,增加指定阵型50强化经验,50,-1
10017,中级强化石,1,5,3,0,999,2,-1,1,89,1,-1,32117|32217|32317|32417,-1,2|1,10017,增加指定阵型100强化经验,100,-1
10018,高级强化石,1,5,4,0,999,2,-1,1,89,1,-1,32118|32218|32318|32418|32518,-1,2|1,10018,增加指定阵型150强化经验,150,-1
10019,超级强化石,1,5,5,1,999,2,-1,1,89,1,-1,32119|32219|32319|32419|32519|32619,-1,2|1,10019,增加指定阵型300强化经验,300,-1
10020,七星阵,1,5,5,0,999,2,-1,1,89,1,-1,32120|32220|32320|32420|32520|32620,-1,1|2,10020,用于精炼七星阵法,-1,-1
10021,天罡阵,1,5,5,0,999,2,-1,1,89,1,-1,32121|32221|32321|32421|32521|32621,-1,1|2,10021,用于精炼天罡阵法,-1,-1
10022,刺魂阵,1,5,5,0,999,2,-1,1,89,1,-1,32122|32222|32322|32422|32522|32622,-1,1|2,10022,用于精炼刺魂阵法,-1,-1
10023,鹤翼阵,1,5,5,0,999,2,-1,1,89,1,-1,32123|32223|32323|32423|32523|32623,-1,1|2,10023,用于精炼鹤翼阵法,-1,-1
10024,飞鱼阵,1,5,5,0,999,2,-1,1,89,1,-1,32124|32224|32324|32424|32524|32624,-1,1|2,10024,用于精炼飞鱼阵法,-1,-1
10025,剑型阵,1,5,5,0,999,2,-1,1,89,1,-1,32125|32225|32325|32425|32525|32625,-1,1|2,10025,用于精炼剑型阵法,-1,-1
10026,天门阵,1,5,5,0,999,2,-1,1,89,1,-1,32126|32226|32326|32426|32526|32626,-1,1|2,10026,用于精炼天门阵法,-1,-1
10027,秘纹宝箱,7,0,4,0,99,2,-1,1,11,1,-1,-1,-1,1,10027,开启可以获得阵法碎片及阵法强化石,-1,"90005,51|90040,7|90041,7|90042,7|90043,7|90044,7|90045,7|90046,7"
10028,地煞宝箱,7,0,4,0,99,2,-1,1,11,1,-1,-1,-1,1,10028,开启可获得随机英雄碎片,-1,"90007,14|90008,11|90009,38|90010,37"
10029,黄金宝箱,7,0,4,0,99,2,-1,1,11,1,-1,-1,-1,1,10029,开启可获得随机道具奖励,-1,"90003,25|90004,25|90005,25|90006,25"
10030,礼物盒子,7,0,3,1,99,2,-1,1,11,1,-1,-1,-1,1,10030,开启可获得礼品奖励,-1,"90003,50|90003,50"
10031,经验宝箱,7,0,4,0,99,2,-1,1,11,1,-1,-1,-1,1,10031,开启可获得经验道具奖励,-1,"90004,50|90004,50"
10032,秘石宝箱,7,0,4,1,99,2,-1,1,11,1,-1,-1,-1,1,10032,开启可获得阵法强化石奖励,-1,"90005,50|90005,50"
10033,蓝晶宝箱,7,0,3,0,99,2,-1,1,11,1,-1,-1,-1,1,10033,开启可获得觉醒至蓝色+1全部材料,-1,"90013,50|90013,50"
10034,蓝晶宝箱+1,7,0,3,0,99,2,-1,1,11,1,-1,-1,-1,1,10034,开启可获得觉醒至蓝色+2全部材料,-1,"90014,50|90014,50"
10035,蓝晶宝箱+2,7,0,3,0,99,2,-1,1,11,1,-1,-1,-1,1,10035,开启可获得觉醒至紫色全部材料,-1,"90015,50|90015,50"
10036,紫晶宝箱,7,0,4,0,99,2,-1,1,11,1,-1,-1,-1,1,10036,开启可获得觉醒至紫色+1全部材料,-1,"90016,50|90016,50"
10037,紫晶宝箱+1,7,0,4,0,99,2,-1,1,11,1,-1,-1,-1,1,10037,开启可获得觉醒至紫色+2全部材料,-1,"90017,50|90017,50"
10038,紫晶宝箱+2,7,0,4,0,99,2,-1,1,11,1,-1,-1,-1,1,10038,开启可获得觉醒至橙色全部材料,-1,"90018,50|90018,50"
10039,黄铜宝箱,7,0,3,0,99,2,-1,1,11,1,-1,-1,-1,1,10039,开启可获得蓝色装备进阶材料,-1,"90033,50|90033,50"
10040,青玉宝箱,7,0,4,0,99,2,-1,1,11,1,-1,-1,-1,1,10040,开启可获得紫色装备进阶材料,-1,"90034,50|90034,50"
10041,天罡宝箱,7,0,4,1,99,2,-1,1,11,1,-1,-1,-1,1,10041,开启可获得随机1~3星英雄,-1,"90019,14|90020,11|90021,37|90022,37|90023,1"
10042,秘法宝箱,7,0,4,1,99,2,-1,1,11,1,-1,-1,-1,1,10042,开启可获得随机阵法,-1,"90024,50|90024,50"
10043,2星英雄宝箱,7,0,4,0,99,2,-1,1,11,1,-1,-1,-1,1,10028,开启随机获取一个2星英雄,-1,"90021,50|90022,50"
10044,3星英雄宝箱,7,0,4,0,99,2,-1,1,11,1,-1,-1,-1,1,10028,开启随机获取一个3星英雄,-1,"90023,50|90023,50"
10045,低级经验马,1,7,2,0,999,2,-1,1,89,1,-1,-1,-1,11|1,10045,强化战马的材料，提升战马50强化经验。,50,-1
10046,中级经验马,1,7,3,0,999,2,-1,1,89,1,-1,-1,-1,11|1,10046,强化战马的材料，提升战马500强化经验。,500,-1
10047,高级经验马,1,7,4,0,999,2,-1,1,89,1,-1,-1,-1,11|1,10047,强化战马的材料，提升战马1000强化经验。,1000,-1
10048,低级经验书,1,7,2,0,999,2,-1,1,89,1,-1,-1,-1,5|1,10048,强化兵书的材料，提升兵书50强化经验。,50,-1
10049,中级经验书,1,7,3,0,999,2,-1,1,89,1,-1,-1,-1,5|1,10049,强化兵书的材料，提升兵书500强化经验。,500,-1
10050,高级经验书,1,7,4,0,999,2,-1,1,89,1,-1,-1,-1,5|1,10050,强化兵书的材料，提升兵书1000强化经验。,1000,-1
10051,万能碎片,1,1,4,1,999,2,-1,1,89,1,-1,-1,-1,1,10051,兑换指定英雄碎片,-1,-1
10052,宝匣钥匙,1,3,4,0,999,2,-1,1,89,1,-1,-1,-1,1,10052,开启匣子必须品,-1,-1
10053,11资质碎片卷轴,7,0,4,0,99,2,-1,1,11,1,-1,-1,-1,1,10053,随机获得1个11资质英雄碎片。,-1,"90051,50|90051,50"
10054,B级碎片卷轴,7,0,4,1,99,2,-1,1,11,1,-1,-1,-1,1,10054,随机获得1个B级英雄碎片。,-1,"90052,50|90052,50"
10055,A级碎片卷轴,7,0,4,1,99,2,-1,1,11,1,-1,-1,-1,1,10055,随机获得1个A级英雄碎片。,-1,"90053,50|90053,50"
10056,万能碎片袋,7,0,4,1,99,2,-1,1,11,1,-1,-1,-1,1,10056,有机率获得1个万能碎片。,-1,"90054,50|90001,15|90004,15|90005,20"
10057,觉醒宝箱（绿）,7,0,2,0,99,2,-1,1,11,1,-1,-1,-1,1,10057,随机获得1个绿色英雄觉醒材料。,-1,"90055,50|90055,50"
10058,觉醒宝箱（蓝）,7,0,3,0,99,2,-1,1,11,1,-1,-1,-1,1,10058,随机获得1个蓝色英雄觉醒材料。,-1,"90056,50|90056,50"
10059,觉醒宝箱（紫）,7,0,4,1,99,2,-1,1,11,1,-1,-1,-1,1,10059,随机获得1个紫色英雄觉醒材料。,-1,"90057,50|90057,50"
10060,觉醒宝箱（橙）,7,0,5,1,99,2,-1,1,11,1,-1,-1,-1,1,10060,随机获得1个橙色英雄觉醒材料。,-1,"90058,50|90058,50"
10061,进阶宝箱（绿）,7,0,2,0,99,2,-1,1,11,1,-1,-1,-1,1,10061,随机获得1个绿色装备进阶材料。,-1,"90059,25|90060,25|90061,25|90062,25"
10062,进阶宝箱（蓝）,7,0,3,0,99,2,-1,1,11,1,-1,-1,-1,1,10062,随机获得1个蓝色装备进阶材料。,-1,"90063,25|90064,25|90065,25|90066,25"
10063,进阶宝箱（紫）,7,0,4,1,99,2,-1,1,11,1,-1,-1,-1,1,10063,随机获得1个紫色装备进阶材料。,-1,"90067,25|90068,25|90069,25|90070,25"
10064,进阶宝箱（橙）,7,0,5,1,99,2,-1,1,11,1,-1,-1,-1,1,10064,随机获得1个橙色装备进阶材料。,-1,"90071,25|90072,25|90073,25|90074,25"
10065,随机秘籍盒,7,0,4,1,99,2,-1,1,11,1,-1,-1,-1,1,10065,随机获得1个秘籍。,-1,"90076,50|90076,50"
10066,随机马鞍盒,7,0,4,1,99,2,-1,1,11,1,-1,-1,-1,1,10066,随机获得1个马鞍。,-1,"90075,50|90075,50"
10067,A级英雄宝箱,7,0,4,0,99,2,-1,1,11,1,-1,-1,-1,1,10029,随机开出1个A级的英雄。,-1,"90077,50|90077,50"
10068,B级英雄宝箱,7,0,4,0,99,2,-1,1,11,1,-1,-1,-1,1,10039,随机开出1个B级的英雄。,-1,"90078,50|90078,50"
10069,11资质英雄宝箱,7,0,4,0,99,2,-1,1,11,1,-1,-1,-1,1,10033,随机开出1个11资质的英雄。,-1,"90079,50|90079,50"
10070,稀有碎片卷轴,7,0,4,1,99,2,-1,1,11,1,-1,-1,-1,1,10070,随机开出穆弘、刘唐、李师师、武松的碎片。,-1,"90080,50|90080,50"
10071,锦囊,7,0,3,0,999,2,-1,1,11,1,-1,-1,-1,1,10071,随机获得稀有道具或者兑换指定道具。,,"90003,20|90081,20|90082,20|90036,6|90037,6|90038,4|90039,4|90083,10|90084,10"
10101,热水,9,6,3,0,999,2,-1,1,89,-1,-1,-1,-1,1|10,10101,盛满了潘康目释,-1,-1
10102,砚台,9,6,3,0,999,2,-1,1,89,-1,-1,-1,-1,1|10,10102,精致的砚台，上面雕刻着栩栩如生的图案,-1,-1
10103,玉佩,9,6,3,0,999,2,-1,1,89,-1,-1,-1,-1,1|10,10103,老祖母留给孙子的遗产,-1,-1
10104,披风,9,6,3,0,999,2,-1,1,89,-1,-1,-1,-1,1|10,10104,御寒装X必备的道具，与电吹风配合使用效果更佳,-1,-1
10105,礼品美酒,9,6,3,0,999,2,-1,1,89,-1,-1,-1,-1,1|10,10105,包装精美的酒坛，送礼必备,-1,-1
11001,金币,14,0,4,0,99999999,2,-1,1,1,-1,-1,-1,-1,-1,11001,获得金币,1,self.owner.finance.addGold(%d)
11002,银币,14,0,2,0,99999999,2,-1,1,1,-1,-1,-1,-1,-1,11002,获得银币,1,self.owner.finance.addCoin(%d)
11003,竞技场积分,14,0,4,0,99999999,2,-1,1,1,-1,-1,-1,-1,-1,11003,获得竞技场积分,1,self.owner.pvp.addPvPScore(%d)
11004,试炼积分,14,0,4,0,99999999,2,-1,1,1,-1,-1,-1,-1,-1,11004,获得试炼积分,1,self.owner.trials.addTrialsScore(%d)
11005,帮派积分,14,0,4,0,99999999,2,-1,1,1,-1,-1,-1,-1,-1,11005,获得帮派荣誉,1,self.owner.finance.addCredit(%d)
11006,浑天丹,14,0,4,0,99999999,2,-1,1,1,-1,-1,-1,-1,-1,11006,获得浑天丹,1,self.owner.finance.addhunTiandan(%d)
11007,九转丹,14,0,4,0,99999999,2,-1,1,1,-1,-1,-1,-1,-1,11007,获得九转丹,1,self.owner.finance.addjiuZhuandan(%d)
11008,VIP经验,14,0,4,0,99999999,2,-1,1,1,-1,-1,-1,-1,-1,11008,获得VIP经验,1,self.owner.vip.addVipExp(%d)
11009,淬炼碎片,14,0,4,1,99999999,2,-1,1,1,-1,-1,-1,-1,-1,11009,获得淬炼碎片,1,self.owner.finance.addQuenching(%d)
11010,主角经验,14,0,4,0,99999999,2,-1,1,1,-1,-1,-1,-1,-1,11009,获得经验,1,self.owner.level.addExp(%d)
21001,青铜帽,2,1,1,0,1,1,1,1,26,2,-1,-1,-1,-1,21001,青铜锻造的帽子，具有防护作用。,-1,-1
21002,水晶帽,2,1,2,0,1,1,1,1,25,2,-1,-1,-1,-1,21002,水晶制成，坚硬无比，防御力极高。,-1,-1
21003,水晶帽,2,1,2,0,1,1,1,1,25,2,-1,-1,-1,-1,21002,水晶制成，坚硬无比，防御力极高。,-1,-1
21004,水晶帽,2,1,2,0,1,1,1,1,25,2,-1,-1,-1,-1,21002,水晶制成，坚硬无比，防御力极高。,-1,-1
21005,冲天冠,2,1,3,0,1,1,1,1,24,2,-1,-1,-1,-1,21003,花纹精美，透露一股威严气息,-1,-1
21006,冲天冠,2,1,3,0,1,1,1,1,24,2,-1,-1,-1,-1,21003,花纹精美，透露一股威严气息,-1,-1
21007,冲天冠,2,1,3,0,1,1,1,1,24,2,-1,-1,-1,-1,21003,花纹精美，透露一股威严气息,-1,-1
21008,冲天冠,2,1,3,0,1,1,1,1,24,2,-1,-1,-1,-1,21003,花纹精美，透露一股威严气息,-1,-1
21009,破军战盔,2,1,4,0,1,1,1,1,23,2,-1,-1,-1,-1,21004,古代名将所戴战盔，可破千军万马。,-1,-1
21010,破军战盔,2,1,4,0,1,1,1,1,23,2,-1,-1,-1,-1,21004,古代名将所戴战盔，可破千军万马。,-1,-1
21011,破军战盔,2,1,4,0,1,1,1,1,23,2,-1,-1,-1,-1,21004,古代名将所戴战盔，可破千军万马。,-1,-1
21012,破军战盔,2,1,4,0,1,1,1,1,23,2,-1,-1,-1,-1,21004,古代名将所戴战盔，可破千军万马。,-1,-1
21013,墨玉琉璃冠,2,1,5,0,1,1,1,1,22,2,-1,-1,-1,-1,21005,琉璃镶嵌墨玉编制而成的帽子，极为名贵的帽子。,-1,-1
21014,墨玉琉璃冠,2,1,5,0,1,1,1,1,22,2,-1,-1,-1,-1,21005,琉璃镶嵌墨玉编制而成的帽子，极为名贵的帽子。,-1,-1
21015,墨玉琉璃冠,2,1,5,0,1,1,1,1,22,2,-1,-1,-1,-1,21005,琉璃镶嵌墨玉编制而成的帽子，极为名贵的帽子。,-1,-1
21016,墨玉琉璃冠,2,1,5,0,1,1,1,1,22,2,-1,-1,-1,-1,21005,琉璃镶嵌墨玉编制而成的帽子，极为名贵的帽子。,-1,-1
21017,墨玉琉璃冠,2,1,5,0,1,1,1,1,22,2,-1,-1,-1,-1,21005,琉璃镶嵌墨玉编制而成的帽子，极为名贵的帽子。,-1,-1
21018,玄火九龙冠,2,1,6,0,1,1,1,1,21,2,-1,-1,-1,-1,21006,雪山寒蚕所吐银丝织就，为皇宫大内至宝。,-1,-1
22001,铜铠甲,2,1,1,0,1,1,1,1,26,2,-1,-1,-1,-1,22001,青铜打造的战甲，防御力极高。,-1,-1
22002,银丝披风,2,1,2,0,1,1,1,1,25,2,-1,-1,-1,-1,22002,以银丝编制而成的披风，美观而又耐用。,-1,-1
22003,银丝披风,2,1,2,0,1,1,1,1,25,2,-1,-1,-1,-1,22002,以银丝编制而成的披风，美观而又耐用。,-1,-1
22004,银丝披风,2,1,2,0,1,1,1,1,25,2,-1,-1,-1,-1,22002,以银丝编制而成的披风，美观而又耐用。,-1,-1
22005,鱼鳞甲,2,1,3,0,1,1,1,1,24,2,-1,-1,-1,-1,22003,无数精铁片以金丝串成甲衣，状若鱼鳞，防御力极高。,-1,-1
22006,鱼鳞甲,2,1,3,0,1,1,1,1,24,2,-1,-1,-1,-1,22003,无数精铁片以金丝串成甲衣，状若鱼鳞，防御力极高。,-1,-1
22007,鱼鳞甲,2,1,3,0,1,1,1,1,24,2,-1,-1,-1,-1,22003,无数精铁片以金丝串成甲衣，状若鱼鳞，防御力极高。,-1,-1
22008,鱼鳞甲,2,1,3,0,1,1,1,1,24,2,-1,-1,-1,-1,22003,无数精铁片以金丝串成甲衣，状若鱼鳞，防御力极高。,-1,-1
22009,破军战甲,2,1,4,0,1,1,1,1,23,2,-1,-1,-1,-1,22004,古代名将所穿战甲，可破千军万马。,-1,-1
22010,破军战甲,2,1,4,0,1,1,1,1,23,2,-1,-1,-1,-1,22004,古代名将所穿战甲，可破千军万马。,-1,-1
22011,破军战甲,2,1,4,0,1,1,1,1,23,2,-1,-1,-1,-1,22004,古代名将所穿战甲，可破千军万马。,-1,-1
22012,破军战甲,2,1,4,0,1,1,1,1,23,2,-1,-1,-1,-1,22004,古代名将所穿战甲，可破千军万马。,-1,-1
22013,天魔重铠,2,1,5,0,1,1,1,1,22,2,-1,-1,-1,-1,22005,天山寒铁打造，胸口刻魔王像，穿之如天魔降世。,-1,-1
22014,天魔重铠,2,1,5,0,1,1,1,1,22,2,-1,-1,-1,-1,22005,天山寒铁打造，胸口刻魔王像，穿之如天魔降世。,-1,-1
22015,天魔重铠,2,1,5,0,1,1,1,1,22,2,-1,-1,-1,-1,22005,天山寒铁打造，胸口刻魔王像，穿之如天魔降世。,-1,-1
22016,天魔重铠,2,1,5,0,1,1,1,1,22,2,-1,-1,-1,-1,22005,天山寒铁打造，胸口刻魔王像，穿之如天魔降世。,-1,-1
22017,天魔重铠,2,1,5,0,1,1,1,1,22,2,-1,-1,-1,-1,22005,天山寒铁打造，胸口刻魔王像，穿之如天魔降世。,-1,-1
22018,玄火磐龙甲,2,1,6,0,1,1,1,1,21,2,-1,-1,-1,-1,22006,神纹精铁打造，神龙盘绕其上，为皇宫大内至宝。,-1,-1
23001,镔铁剑,2,1,1,0,1,1,1,1,26,2,-1,-1,-1,-1,23001,镔铁打造的长剑，古朴典雅。,-1,-1
23002,承影剑,2,1,2,0,1,1,1,1,25,2,-1,-1,-1,-1,23002,精钢打造的利剑，极其锋利。,-1,-1
23003,承影剑,2,1,2,0,1,1,1,1,25,2,-1,-1,-1,-1,23002,精钢打造的利剑，极其锋利。,-1,-1
23004,承影剑,2,1,2,0,1,1,1,1,25,2,-1,-1,-1,-1,23002,精钢打造的利剑，极其锋利。,-1,-1
23005,鱼肠剑,2,1,3,0,1,1,1,1,24,2,-1,-1,-1,-1,23003,剑身细长，纹若鱼肠，锋利无匹。,-1,-1
23006,鱼肠剑,2,1,3,0,1,1,1,1,24,2,-1,-1,-1,-1,23003,剑身细长，纹若鱼肠，锋利无匹。,-1,-1
23007,鱼肠剑,2,1,3,0,1,1,1,1,24,2,-1,-1,-1,-1,23003,剑身细长，纹若鱼肠，锋利无匹。,-1,-1
23008,鱼肠剑,2,1,3,0,1,1,1,1,24,2,-1,-1,-1,-1,23003,剑身细长，纹若鱼肠，锋利无匹。,-1,-1
23009,渊虹剑,2,1,4,0,1,1,1,1,23,2,-1,-1,-1,-1,23004,深渊寒铁打造，吹毛断发，削铁如泥。,-1,-1
23010,渊虹剑,2,1,4,0,1,1,1,1,23,2,-1,-1,-1,-1,23004,深渊寒铁打造，吹毛断发，削铁如泥。,-1,-1
23011,渊虹剑,2,1,4,0,1,1,1,1,23,2,-1,-1,-1,-1,23004,深渊寒铁打造，吹毛断发，削铁如泥。,-1,-1
23012,渊虹剑,2,1,4,0,1,1,1,1,23,2,-1,-1,-1,-1,23004,深渊寒铁打造，吹毛断发，削铁如泥。,-1,-1
23013,轩辕剑,2,1,5,0,1,1,1,1,22,2,-1,-1,-1,-1,23005,上古神剑，蕴藏无穷神力，持之可斩妖除魔。,-1,-1
23014,轩辕剑,2,1,5,0,1,1,1,1,22,2,-1,-1,-1,-1,23005,上古神剑，蕴藏无穷神力，持之可斩妖除魔。,-1,-1
23015,轩辕剑,2,1,5,0,1,1,1,1,22,2,-1,-1,-1,-1,23005,上古神剑，蕴藏无穷神力，持之可斩妖除魔。,-1,-1
23016,轩辕剑,2,1,5,0,1,1,1,1,22,2,-1,-1,-1,-1,23005,上古神剑，蕴藏无穷神力，持之可斩妖除魔。,-1,-1
23017,轩辕剑,2,1,5,0,1,1,1,1,22,2,-1,-1,-1,-1,23005,上古神剑，蕴藏无穷神力，持之可斩妖除魔。,-1,-1
23018,玄火焚天剑,2,1,6,0,1,1,1,1,21,2,-1,-1,-1,-1,23006,相传为欧冶子传人所铸，为皇宫大内至宝。,-1,-1
24001,八角银环,2,1,1,0,1,1,1,1,26,2,-1,-1,-1,-1,24001,精致的银饰，可辟邪。,-1,-1
24002,九宫坠,2,1,2,0,1,1,1,1,25,2,-1,-1,-1,-1,24002,坠上篆刻九宫，精致无比。,-1,-1
24003,九宫坠,2,1,2,0,1,1,1,1,25,2,-1,-1,-1,-1,24002,坠上篆刻九宫，精致无比。,-1,-1
24004,九宫坠,2,1,2,0,1,1,1,1,25,2,-1,-1,-1,-1,24002,坠上篆刻九宫，精致无比。,-1,-1
24005,珍珠吊坠,2,1,3,0,1,1,1,1,24,2,-1,-1,-1,-1,24003,珍珠串成的吊坠，汇集大海之灵气。,-1,-1
24006,珍珠吊坠,2,1,3,0,1,1,1,1,24,2,-1,-1,-1,-1,24003,珍珠串成的吊坠，汇集大海之灵气。,-1,-1
24007,珍珠吊坠,2,1,3,0,1,1,1,1,24,2,-1,-1,-1,-1,24003,珍珠串成的吊坠，汇集大海之灵气。,-1,-1
24008,珍珠吊坠,2,1,3,0,1,1,1,1,24,2,-1,-1,-1,-1,24003,珍珠串成的吊坠，汇集大海之灵气。,-1,-1
24009,流星坠,2,1,4,0,1,1,1,1,23,2,-1,-1,-1,-1,24004,以神秘宝石制成，流光有若流星。,-1,-1
24010,流星坠,2,1,4,0,1,1,1,1,23,2,-1,-1,-1,-1,24004,以神秘宝石制成，流光有若流星。,-1,-1
24011,流星坠,2,1,4,0,1,1,1,1,23,2,-1,-1,-1,-1,24004,以神秘宝石制成，流光有若流星。,-1,-1
24012,流星坠,2,1,4,0,1,1,1,1,23,2,-1,-1,-1,-1,24004,以神秘宝石制成，流光有若流星。,-1,-1
24013,七彩琉璃坠,2,1,5,0,1,1,1,1,22,2,-1,-1,-1,-1,24005,琉璃制成，焕发七彩之流光，不可多得的饰物。,-1,-1
24014,七彩琉璃坠,2,1,5,0,1,1,1,1,22,2,-1,-1,-1,-1,24005,琉璃制成，焕发七彩之流光，不可多得的饰物。,-1,-1
24015,七彩琉璃坠,2,1,5,0,1,1,1,1,22,2,-1,-1,-1,-1,24005,琉璃制成，焕发七彩之流光，不可多得的饰物。,-1,-1
24016,七彩琉璃坠,2,1,5,0,1,1,1,1,22,2,-1,-1,-1,-1,24005,琉璃制成，焕发七彩之流光，不可多得的饰物。,-1,-1
24017,七彩琉璃坠,2,1,5,0,1,1,1,1,22,2,-1,-1,-1,-1,24005,琉璃制成，焕发七彩之流光，不可多得的饰物。,-1,-1
24018,玄火陨星坠,2,1,6,0,1,1,1,1,21,2,-1,-1,-1,-1,24006,炼器家耗尽心血采集天外陨星，为皇宫大内至宝。,-1,-1
25001,白鹤,2,1,1,0,1,1,1,1,26,2,-1,-1,-1,-1,25001,曹操所乘之马，时人谚曰：“凭空虚跃，曹家白鹤。”,-1,-1
25002,汗血宝马,2,1,2,0,1,1,1,1,25,2,-1,-1,-1,-1,25002,大宛国特产的名马，千金难买。,-1,-1
25003,汗血宝马,2,1,2,0,1,1,1,1,25,2,-1,-1,-1,-1,25002,大宛国特产的名马，千金难买。,-1,-1
25004,汗血宝马,2,1,2,0,1,1,1,1,25,2,-1,-1,-1,-1,25002,大宛国特产的名马，千金难买。,-1,-1
25005,爪黄飞电,2,1,3,0,1,1,1,1,24,2,-1,-1,-1,-1,25003,通体雪白，四蹄玄黄，高贵异常，为曹操爱驹。,-1,-1
25006,爪黄飞电,2,1,3,0,1,1,1,1,24,2,-1,-1,-1,-1,25003,通体雪白，四蹄玄黄，高贵异常，为曹操爱驹。,-1,-1
25007,爪黄飞电,2,1,3,0,1,1,1,1,24,2,-1,-1,-1,-1,25003,通体雪白，四蹄玄黄，高贵异常，为曹操爱驹。,-1,-1
25008,爪黄飞电,2,1,3,0,1,1,1,1,24,2,-1,-1,-1,-1,25003,通体雪白，四蹄玄黄，高贵异常，为曹操爱驹。,-1,-1
25009,赤兔,2,1,4,0,1,1,1,1,23,2,-1,-1,-1,-1,25004,人中吕布，马中赤兔，日行千里，夜行八百，马中皇者。,-1,-1
25010,赤兔,2,1,4,0,1,1,1,1,23,2,-1,-1,-1,-1,25004,人中吕布，马中赤兔，日行千里，夜行八百，马中皇者。,-1,-1
25011,赤兔,2,1,4,0,1,1,1,1,23,2,-1,-1,-1,-1,25004,人中吕布，马中赤兔，日行千里，夜行八百，马中皇者。,-1,-1
25012,赤兔,2,1,4,0,1,1,1,1,23,2,-1,-1,-1,-1,25004,人中吕布，马中赤兔，日行千里，夜行八百，马中皇者。,-1,-1
25013,照夜玉狮子,2,1,5,0,1,1,1,1,22,2,-1,-1,-1,-1,25005,日行千里，通体雪白无一杂色，马中极品。,-1,-1
25014,照夜玉狮子,2,1,5,0,1,1,1,1,22,2,-1,-1,-1,-1,25005,日行千里，通体雪白无一杂色，马中极品。,-1,-1
25015,照夜玉狮子,2,1,5,0,1,1,1,1,22,2,-1,-1,-1,-1,25005,日行千里，通体雪白无一杂色，马中极品。,-1,-1
25016,照夜玉狮子,2,1,5,0,1,1,1,1,22,2,-1,-1,-1,-1,25005,日行千里，通体雪白无一杂色，马中极品。,-1,-1
25017,照夜玉狮子,2,1,5,0,1,1,1,1,22,2,-1,-1,-1,-1,25005,日行千里，通体雪白无一杂色，马中极品。,-1,-1
25018,踏雪乌骓,2,1,6,0,1,1,1,1,21,2,-1,-1,-1,-1,25006,通体乌黑，四蹄雪练，楚霸王项羽坐骑。,-1,-1
26001,三略,2,1,1,0,1,1,1,1,26,2,-1,-1,-1,-1,26001,著名道家兵法书，糅合诸家之长，专论战略。,-1,-1
26002,六韬,2,1,2,0,1,1,1,1,25,2,-1,-1,-1,-1,26002,著名道家兵法书，博大精深，为兵家权谋术始祖。,-1,-1
26003,六韬,2,1,2,0,1,1,1,1,25,2,-1,-1,-1,-1,26002,著名道家兵法书，博大精深，为兵家权谋术始祖。,-1,-1
26004,六韬,2,1,2,0,1,1,1,1,25,2,-1,-1,-1,-1,26002,著名道家兵法书，博大精深，为兵家权谋术始祖。,-1,-1
26005,司马法,2,1,3,0,1,1,1,1,24,2,-1,-1,-1,-1,26003,司马穰苴所著，春秋时著名兵书。,-1,-1
26006,司马法,2,1,3,0,1,1,1,1,24,2,-1,-1,-1,-1,26003,司马穰苴所著，春秋时著名兵书。,-1,-1
26007,司马法,2,1,3,0,1,1,1,1,24,2,-1,-1,-1,-1,26003,司马穰苴所著，春秋时著名兵书。,-1,-1
26008,孙子兵法,2,1,3,0,1,1,1,1,24,2,-1,-1,-1,-1,26003,司马穰苴所著，春秋时著名兵书。,-1,-1
26009,孙子兵法,2,1,4,0,1,1,1,1,23,2,-1,-1,-1,-1,26004,孙武所著兵书，为兵学圣典，得之者战无不胜。,-1,-1
26010,孙子兵法,2,1,4,0,1,1,1,1,23,2,-1,-1,-1,-1,26004,孙武所著兵书，为兵学圣典，得之者战无不胜。,-1,-1
26011,孙子兵法,2,1,4,0,1,1,1,1,23,2,-1,-1,-1,-1,26004,孙武所著兵书，为兵学圣典，得之者战无不胜。,-1,-1
26012,孙子兵法,2,1,4,0,1,1,1,1,23,2,-1,-1,-1,-1,26004,孙武所著兵书，为兵学圣典，得之者战无不胜。,-1,-1
26013,八阵图,2,1,5,0,1,1,1,1,22,2,-1,-1,-1,-1,26005,诸葛孔明所创阵法，按此法排兵布阵，可挡十万精兵。,-1,-1
26014,八阵图,2,1,5,0,1,1,1,1,22,2,-1,-1,-1,-1,26005,诸葛孔明所创阵法，按此法排兵布阵，可挡十万精兵。,-1,-1
26015,八阵图,2,1,5,0,1,1,1,1,22,2,-1,-1,-1,-1,26005,诸葛孔明所创阵法，按此法排兵布阵，可挡十万精兵。,-1,-1
26016,八阵图,2,1,5,0,1,1,1,1,22,2,-1,-1,-1,-1,26005,诸葛孔明所创阵法，按此法排兵布阵，可挡十万精兵。,-1,-1
26017,八阵图,2,1,5,0,1,1,1,1,22,2,-1,-1,-1,-1,26005,诸葛孔明所创阵法，按此法排兵布阵，可挡十万精兵。,-1,-1
26018,鬼谷残卷,2,1,6,0,1,1,1,1,21,2,-1,-1,-1,-1,26006,鬼谷子遗留的兵法奇书，包罗万象，可惜只剩残卷。,-1,-1
31029,穆弘碎片,3,1,3,1,9999,2,-1,1,30,4,41029,-1,110,1|7,41029,收集110个碎片即可招募A级英雄穆弘，升星穆弘的必备材料。,-1,-1
31008,李逵碎片,3,1,3,1,9999,2,-1,1,30,4,41008,-1,130,1,41008,收集130个碎片即可招募S级英雄李逵，升星李逵的必备材料。,-1,-1
31010,阮小二碎片,3,1,3,1,9999,2,-1,1,30,4,41010,-1,50,1|7,41010,收集50个碎片即可招募A级英雄阮小二，升星阮小二的必备材料。,-1,-1
31030,武大郎碎片,3,1,3,1,9999,2,-1,1,30,4,41030,-1,35,1|19|7,41030,收集35个碎片即可招募B级英雄武大郎，升星武大郎的必备材料。,-1,-1
31034,杨雄碎片,3,1,3,1,9999,2,-1,1,30,4,41034,-1,50,1|7,41034,收集50个碎片即可招募A级英雄杨雄，升星杨雄的必备材料。,-1,-1
31005,呼延灼碎片,3,1,3,1,9999,2,-1,1,30,4,41005,-1,110,11|7,41005,收集110个碎片即可招募A级英雄呼延灼，升星呼延灼的必备材料。,-1,-1
31007,刘唐碎片,3,1,3,1,9999,2,-1,1,30,4,41007,-1,110,1|7,41007,收集110个碎片即可招募A级英雄刘唐，升星刘唐的必备材料。,-1,-1
31001,鲁智深碎片,3,1,3,1,9999,2,-1,1,30,4,41001,-1,50,1|5|7,41001,收集50个碎片即可招募A级英雄鲁智深，升星鲁智深的必备材料。,-1,-1
31033,雷横碎片,3,1,3,1,9999,2,-1,1,30,4,41033,-1,35,1|7,41033,收集35个碎片即可招募B级英雄雷横，升星雷横的必备材料。,-1,-1
31032,索超碎片,3,1,3,1,9999,2,-1,1,30,4,41032,-1,35,1|19|7,41032,收集35个碎片即可招募B级英雄索超，升星索超的必备材料。,-1,-1
31016,杨志碎片,3,1,3,1,9999,2,-1,1,30,4,41016,-1,110,5,41016,收集110个碎片即可招募A级英雄杨志，升星杨志的必备材料。,-1,-1
31003,卢俊义碎片,3,1,3,1,9999,2,-1,1,30,4,41003,-1,160,18,41003,收集160个碎片即可招募SS级英雄卢俊义，升星卢俊义的必备材料。,-1,-1
31004,林冲碎片,3,1,3,1,9999,2,-1,1,30,4,41004,-1,160,18,41004,收集160个碎片即可招募SS级英雄林冲，升星林冲的必备材料。,-1,-1
31006,武松碎片,3,1,3,1,9999,2,-1,1,30,4,41006,-1,110,1|7,41006,收集110个碎片即可招募A级英雄武松，升星武松的必备材料。,-1,-1
31002,史进碎片,3,1,3,1,9999,2,-1,1,30,4,41002,-1,15,1|11|7,41002,收集15个碎片即可招募B级英雄史进，升星史进的必备材料。,-1,-1
31009,阮小七碎片,3,1,3,1,9999,2,-1,1,30,4,41009,-1,50,16|17|7,41009,收集50个碎片即可招募A级英雄阮小七，升星阮小七的必备材料。,-1,-1
31013,公孙胜碎片,3,1,3,1,9999,2,-1,1,30,4,41013,-1,130,17,41013,收集130个碎片即可招募S级英雄公孙胜，升星公孙胜的必备材料。,-1,-1
31014,花荣碎片,3,1,3,1,9999,2,-1,1,30,4,41014,-1,130,1,41014,收集130个碎片即可招募S级英雄花荣，升星花荣的必备材料。,-1,-1
31017,徐宁碎片,3,1,3,1,9999,2,-1,1,30,4,41017,-1,50,14,41017,收集50个碎片即可招募A级英雄徐宁，升星徐宁的必备材料。,-1,-1
31015,柴进碎片,3,1,3,1,9999,2,-1,1,30,4,41015,-1,110,20|7,41015,收集110个碎片即可招募A级英雄柴进，升星柴进的必备材料。,-1,-1
31023,西门庆碎片,3,1,3,1,9999,2,-1,1,30,4,41023,-1,35,1|7,41023,收集35个碎片即可招募B级英雄西门庆，升星西门庆的必备材料。,-1,-1
31026,潘金莲碎片,3,1,3,1,9999,2,-1,1,30,4,41026,-1,15,1|19|7,41026,收集15个碎片即可招募B级英雄潘金莲，升星潘金莲的必备材料。,-1,-1
31027,李师师碎片,3,1,3,1,9999,2,-1,1,30,4,41027,-1,110,1|7,41027,收集110个碎片即可招募A级英雄李师师，升星李师师的必备材料。,-1,-1
31011,石秀碎片,3,1,3,1,9999,2,-1,1,30,4,41011,-1,35,1|5|14|19|7,41011,收集35个碎片即可招募B级英雄石秀，升星石秀的必备材料。,-1,-1
31020,阮小五碎片,3,1,3,1,9999,2,-1,1,30,4,41020,-1,35,1|7,41020,收集35个碎片即可招募B级英雄阮小五，升星阮小五的必备材料。,-1,-1
31037,千御杨志碎片,3,1,3,1,9999,2,-1,1,30,4,41037,-1,35,1|19|7,41037,收集35个碎片即可招募B级英雄千御杨志，升星千御杨志的必备材料。,-1,-1
31038,鲁智深2碎片,3,1,3,1,9999,2,-1,1,30,4,41038,-1,35,-1,41038,鲁智深2碎片，收集35个碎片即可招募，升星鲁智深2的必备材料。,-1,-1
31039,圣手柴进碎片,3,1,3,1,9999,2,-1,1,30,4,41039,-1,35,1|19|11|7,41039,收集35个碎片即可招募B级英雄圣手柴进，升星圣手柴进的必备材料。,-1,-1
31040,沸血卢俊义碎片,3,1,3,1,9999,2,-1,1,30,4,41040,-1,50,14|7,41040,收集50个碎片即可招募A级英雄沸血卢俊义，升星沸血卢俊义的必备材料。,-1,-1
31041,暴走阮小七碎片,3,1,3,1,9999,2,-1,1,30,4,41041,-1,160,18,41041,收集160个碎片即可招募SS级英雄暴走阮小七，升星暴走阮小七的必备材料。,-1,-1
31042,魅影潘金莲碎片,3,1,3,1,9999,2,-1,1,30,4,41042,-1,130,14,41042,收集130个碎片即可招募S级英雄魅影潘金莲，升星魅影潘金莲的必备材料。,-1,-1
31043,血怒林冲碎片,3,1,3,1,9999,2,-1,1,30,4,41043,-1,50,7,41043,收集110个碎片即可招募A级英雄血怒林冲，升星血怒林冲的必备材料。,-1,-1
31044,武松2碎片,3,1,3,1,9999,2,-1,1,30,4,41044,-1,35,-1,41044,武松2碎片，收集35个碎片即可招募，升星武松2的必备材料。,-1,-1
31045,幻舞李师师碎片,3,1,3,1,9999,2,-1,1,30,4,41045,-1,50,5|7,41045,收集50个碎片即可招募A级英雄幻舞李师师，升星幻舞李师师的必备材料。,-1,-1
31046,赤焰刘唐碎片,3,1,3,1,9999,2,-1,1,30,4,41046,-1,35,7,41046,收集35个碎片即可招募B级英雄赤焰刘唐，升星赤焰刘唐的必备材料。,-1,-1
35002,高俅碎片,3,1,3,1,9999,2,-1,1,30,4,45002,-1,160,18,45002,收集160个碎片即可招募S级英雄高俅，升星高俅的必备材料。,-1,-1
31999,燕青碎片,3,1,3,1,9999,2,-1,1,30,4,41999,-1,10,-1,41000,燕青碎片，收集10个碎片即可招募，升星燕青的必备材料。,-1,-1
31998,关胜碎片,3,1,3,1,9999,2,-1,1,30,4,41998,-1,10,-1,41000,关胜碎片，收集10个碎片即可招募，升星关胜的必备材料。,-1,-1
31997,秦明碎片,3,1,3,1,9999,2,-1,1,30,4,41997,-1,10,-1,41000,秦明碎片，收集10个碎片即可招募，升星秦明的必备材料。,-1,-1
31996,董平碎片,3,1,3,1,9999,2,-1,1,30,4,41996,-1,10,-1,41000,董平碎片，收集10个碎片即可招募，升星董平的必备材料。,-1,-1
32116,低级强化石碎片一,8,-1,2,0,9999,2,-1,1,30,-1,10016,-1,1,2|1,10016,合成低级强化石必备材料之一,-1,-1
32216,低级强化石碎片二,8,-1,2,0,9999,2,-1,1,30,-1,10016,-1,1,2|1,10016,合成低级强化石必备材料之一,-1,-1
32316,低级强化石碎片三,8,-1,2,0,9999,2,-1,1,30,-1,10016,-1,1,2|1,10016,合成低级强化石必备材料之一,-1,-1
32117,中级强化石碎片一,8,-1,3,0,9999,2,-1,1,30,-1,10017,-1,1,2|1,10017,合成中级强化石必备材料之一,-1,-1
32217,中级强化石碎片二,8,-1,3,0,9999,2,-1,1,30,-1,10017,-1,1,2|1,10017,合成中级强化石必备材料之一,-1,-1
32317,中级强化石碎片三,8,-1,3,0,9999,2,-1,1,30,-1,10017,-1,1,2|1,10017,合成中级强化石必备材料之一,-1,-1
32417,中级强化石碎片四,8,-1,3,0,9999,2,-1,1,30,-1,10017,-1,1,2|1,10017,合成中级强化石必备材料之一,-1,-1
32118,高级强化石碎片一,8,-1,4,0,9999,2,-1,1,30,-1,10018,-1,1,2|1,10018,合成高级强化石必备材料之一,-1,-1
32218,高级强化石碎片二,8,-1,4,0,9999,2,-1,1,30,-1,10018,-1,1,2|1,10018,合成高级强化石必备材料之一,-1,-1
32318,高级强化石碎片三,8,-1,4,0,9999,2,-1,1,30,-1,10018,-1,1,2|1,10018,合成高级强化石必备材料之一,-1,-1
32418,高级强化石碎片四,8,-1,4,0,9999,2,-1,1,30,-1,10018,-1,1,2|1,10018,合成高级强化石必备材料之一,-1,-1
32518,高级强化石碎片五,8,-1,4,0,9999,2,-1,1,30,-1,10018,-1,1,2|1,10018,合成高级强化石必备材料之一,-1,-1
32119,超级强化石碎片一,8,-1,5,0,9999,2,-1,1,30,-1,10019,-1,1,2|1,10019,合成超级强化石必备材料之一,-1,-1
32219,超级强化石碎片二,8,-1,5,0,9999,2,-1,1,30,-1,10019,-1,1,2|1,10019,合成超级强化石必备材料之一,-1,-1
32319,超级强化石碎片三,8,-1,5,0,9999,2,-1,1,30,-1,10019,-1,1,2|1,10019,合成超级强化石必备材料之一,-1,-1
32419,超级强化石碎片四,8,-1,5,0,9999,2,-1,1,30,-1,10019,-1,1,2|1,10019,合成超级强化石必备材料之一,-1,-1
32519,超级强化石碎片五,8,-1,5,0,9999,2,-1,1,30,-1,10019,-1,1,2|1,10019,合成超级强化石必备材料之一,-1,-1
32619,超级强化石碎片六,8,-1,5,0,9999,2,-1,1,30,-1,10019,-1,1,2|1,10019,合成超级强化石必备材料之一,-1,-1
32120,七星阵碎片一,8,-1,5,0,9999,2,-1,1,30,-1,10020,-1,1,2|1,10020,合成七星阵必备材料之一,-1,-1
32220,七星阵碎片二,8,-1,5,0,9999,2,-1,1,30,-1,10020,-1,1,2|1,10020,合成七星阵必备材料之一,-1,-1
32320,七星阵碎片三,8,-1,5,0,9999,2,-1,1,30,-1,10020,-1,1,2|1,10020,合成七星阵必备材料之一,-1,-1
32420,七星阵碎片四,8,-1,5,0,9999,2,-1,1,30,-1,10020,-1,1,2|1,10020,合成七星阵必备材料之一,-1,-1
32520,七星阵碎片五,8,-1,5,0,9999,2,-1,1,30,-1,10020,-1,1,2|1,10020,合成七星阵必备材料之一,-1,-1
32620,七星阵碎片六,8,-1,5,0,9999,2,-1,1,30,-1,10020,-1,1,2|1,10020,合成七星阵必备材料之一,-1,-1
32121,天罡阵碎片一,8,-1,5,0,9999,2,-1,1,30,-1,10021,-1,1,2|1,10021,合成天罡阵必备材料之一,-1,-1
32221,天罡阵碎片二,8,-1,5,0,9999,2,-1,1,30,-1,10021,-1,1,2|1,10021,合成天罡阵必备材料之一,-1,-1
32321,天罡阵碎片三,8,-1,5,0,9999,2,-1,1,30,-1,10021,-1,1,2|1,10021,合成天罡阵必备材料之一,-1,-1
32421,天罡阵碎片四,8,-1,5,0,9999,2,-1,1,30,-1,10021,-1,1,2|1,10021,合成天罡阵必备材料之一,-1,-1
32521,天罡阵碎片五,8,-1,5,0,9999,2,-1,1,30,-1,10021,-1,1,2|1,10021,合成天罡阵必备材料之一,-1,-1
32621,天罡阵碎片六,8,-1,5,0,9999,2,-1,1,30,-1,10021,-1,1,2|1,10021,合成天罡阵必备材料之一,-1,-1
32122,刺魂阵碎片一,8,-1,5,0,9999,2,-1,1,30,-1,10022,-1,1,2|1,10022,合成刺魂阵必备材料之一,-1,-1
32222,刺魂阵碎片二,8,-1,5,0,9999,2,-1,1,30,-1,10022,-1,1,2|1,10022,合成刺魂阵必备材料之一,-1,-1
32322,刺魂阵碎片三,8,-1,5,0,9999,2,-1,1,30,-1,10022,-1,1,2|1,10022,合成刺魂阵必备材料之一,-1,-1
32422,刺魂阵碎片四,8,-1,5,0,9999,2,-1,1,30,-1,10022,-1,1,2|1,10022,合成刺魂阵必备材料之一,-1,-1
32522,刺魂阵碎片五,8,-1,5,0,9999,2,-1,1,30,-1,10022,-1,1,2|1,10022,合成刺魂阵必备材料之一,-1,-1
32622,刺魂阵碎片六,8,-1,5,0,9999,2,-1,1,30,-1,10022,-1,1,2|1,10022,合成刺魂阵必备材料之一,-1,-1
32123,鹤翼阵碎片一,8,-1,5,0,9999,2,-1,1,30,-1,10023,-1,1,2|1,10023,合成鹤翼阵必备材料之一,-1,-1
32223,鹤翼阵碎片二,8,-1,5,0,9999,2,-1,1,30,-1,10023,-1,1,2|1,10023,合成鹤翼阵必备材料之一,-1,-1
32323,鹤翼阵碎片三,8,-1,5,0,9999,2,-1,1,30,-1,10023,-1,1,2|1,10023,合成鹤翼阵必备材料之一,-1,-1
32423,鹤翼阵碎片四,8,-1,5,0,9999,2,-1,1,30,-1,10023,-1,1,2|1,10023,合成鹤翼阵必备材料之一,-1,-1
32523,鹤翼阵碎片五,8,-1,5,0,9999,2,-1,1,30,-1,10023,-1,1,2|1,10023,合成鹤翼阵必备材料之一,-1,-1
32623,鹤翼阵碎片六,8,-1,5,0,9999,2,-1,1,30,-1,10023,-1,1,2|1,10023,合成鹤翼阵必备材料之一,-1,-1
32124,飞鱼阵碎片一,8,-1,5,0,9999,2,-1,1,30,-1,10024,-1,1,2|1,10024,合成飞鱼阵必备材料之一,-1,-1
32224,飞鱼阵碎片二,8,-1,5,0,9999,2,-1,1,30,-1,10024,-1,1,2|1,10024,合成飞鱼阵必备材料之一,-1,-1
32324,飞鱼阵碎片三,8,-1,5,0,9999,2,-1,1,30,-1,10024,-1,1,2|1,10024,合成飞鱼阵必备材料之一,-1,-1
32424,飞鱼阵碎片四,8,-1,5,0,9999,2,-1,1,30,-1,10024,-1,1,2|1,10024,合成飞鱼阵必备材料之一,-1,-1
32524,飞鱼阵碎片五,8,-1,5,0,9999,2,-1,1,30,-1,10024,-1,1,2|1,10024,合成飞鱼阵必备材料之一,-1,-1
32624,飞鱼阵碎片六,8,-1,5,0,9999,2,-1,1,30,-1,10024,-1,1,2|1,10024,合成飞鱼阵必备材料之一,-1,-1
32125,剑型阵碎片一,8,-1,5,0,9999,2,-1,1,30,-1,10025,-1,1,2|1,10025,合成剑型阵必备材料之一,-1,-1
32225,剑型阵碎片二,8,-1,5,0,9999,2,-1,1,30,-1,10025,-1,1,2|1,10025,合成剑型阵必备材料之一,-1,-1
32325,剑型阵碎片三,8,-1,5,0,9999,2,-1,1,30,-1,10025,-1,1,2|1,10025,合成剑型阵必备材料之一,-1,-1
32425,剑型阵碎片四,8,-1,5,0,9999,2,-1,1,30,-1,10025,-1,1,2|1,10025,合成剑型阵必备材料之一,-1,-1
32525,剑型阵碎片五,8,-1,5,0,9999,2,-1,1,30,-1,10025,-1,1,2|1,10025,合成剑型阵必备材料之一,-1,-1
32625,剑型阵碎片六,8,-1,5,0,9999,2,-1,1,30,-1,10025,-1,1,2|1,10025,合成剑型阵必备材料之一,-1,-1
32126,天门阵碎片一,8,-1,5,0,9999,2,-1,1,30,-1,10026,-1,1,2|1,10026,合成天门阵必备材料之一,-1,-1
32226,天门阵碎片二,8,-1,5,0,9999,2,-1,1,30,-1,10026,-1,1,2|1,10026,合成天门阵必备材料之一,-1,-1
32326,天门阵碎片三,8,-1,5,0,9999,2,-1,1,30,-1,10026,-1,1,2|1,10026,合成天门阵必备材料之一,-1,-1
32426,天门阵碎片四,8,-1,5,0,9999,2,-1,1,30,-1,10026,-1,1,2|1,10026,合成天门阵必备材料之一,-1,-1
32526,天门阵碎片五,8,-1,5,0,9999,2,-1,1,30,-1,10026,-1,1,2|1,10026,合成天门阵必备材料之一,-1,-1
32626,天门阵碎片六,8,-1,5,0,9999,2,-1,1,30,-1,10026,-1,1,2|1,10026,合成天门阵必备材料之一,-1,-1
41099,男主角,4,-1,2,0,1,2,-1,1,1,3,-1,-1,-1,-1,41099,物理型全能英雄，各项属性成长均衡，攻防兼备，是队伍不可替代的核心。,-1,-1
41098,女主角,4,-1,2,0,1,2,-1,1,1,3,-1,-1,-1,-1,41098,法术型全能英雄，能使敌人中毒，能治疗全体队友，不同的技能搭配能组成不同的阵容打法。,-1,-1
41029,穆弘,4,-1,1,1,1,2,-1,1,1,3,-1,31029,44,1|7,41029,物理型坦克英雄，拥有超高的血量，还能够为己方前排增加防御，上场时增加自身闪避概率。,-1,-1
41008,李逵,4,-1,2,1,1,2,-1,1,1,3,-1,31008,52,1,41008,物理型坦克英雄，最强防御，为自身提供无敌护盾，上场时增加己方全体百分比防御力。,-1,-1
41010,阮小二,4,-1,1,1,1,2,-1,1,1,3,-1,31010,20,1|7,41010,法术型坦克英雄，法术型英雄克星，会给我方前排增加魔法免疫效果，上场时为己方防御型英雄增加固定防御力。,-1,-1
41030,武大郎,4,-1,1,1,1,2,-1,1,1,3,-1,31030,14,1|19|7,41030,法术型坦克英雄，高防御，能够为前排增加霸体状态，每次普攻前能够回复自身血量。,-1,-1
41034,杨雄,4,-1,1,1,1,2,-1,1,1,3,-1,31034,20,1|7,41034,物理型坦克英雄，攻击竖排敌人，每回合可以让随机一个敌人中毒.,-1,-1
41005,呼延灼,4,-1,1,1,1,2,-1,1,1,3,-1,31005,44,11|7,41005,物理型先手英雄，前排克星，先手攻击造成追击状态并降低敌方防御，每回合会释放免伤保护己方血低单位。,-1,-1
41007,刘唐,4,-1,1,1,1,2,-1,1,1,3,-1,31007,44,1|7,41007,物理型先手英雄，能够先手攻击造成追击状态，也能够为己方先手型英雄增加百分比攻击力.,-1,-1
41001,鲁智深,4,-1,1,1,1,2,-1,1,1,3,-1,31001,20,1|5|7,41001,物理型先手英雄，攻防兼备，先手攻击能够造成追击状态并获得恢复效果，上场时能够给己方前排增加霸体效果。,-1,-1
41033,雷横,4,-1,1,1,1,2,-1,1,1,3,-1,31033,14,1|7,41033,物理型先手英雄，先手攻击造成追击状态，上场时能够降低全体敌人的命中。,-1,-1
41032,索超,4,-1,1,1,1,2,-1,1,1,3,-1,31032,14,1|19|7,41032,法术型先手英雄，可攻可防，能够先手造成追击状态，击杀目标后获得一次额外的攻击机会。,-1,-1
41016,杨志,4,-1,2,1,1,2,-1,1,1,3,-1,31016,44,5,41016,法术型攻击英雄，持续型消耗，使竖排敌人中毒，上场时降低敌方女性英雄的防御.,-1,-1
41003,卢俊义,4,-1,3,1,1,2,-1,1,1,3,-1,31003,64,18,41003,物理型攻击英雄，超强的单体输出，降低敌人防御，上场时增加己方全体的伤害率。,-1,-1
41004,林冲,4,-1,2,1,1,2,-1,1,1,3,-1,31004,64,18,41004,物理型攻击英雄，后排克星，对后排敌人造成大量伤害并概率眩晕，每次普攻前对面前敌人发动一次额外攻击。,-1,-1
41006,武松,4,-1,1,1,1,2,-1,1,1,3,-1,31006,44,1|7,41006,物理型攻击英雄，高暴击竖排输出，攻击竖排敌人并增加己方暴击率，上场时会为己方后排增加固定攻击力。,-1,-1
41002,史进,4,-1,1,1,1,2,-1,1,1,3,-1,31002,6,1|11|7,41002,物理型攻击英雄，强大的单体输出和控制，上场时增加己方攻击型英雄的攻击力。,-1,-1
41009,阮小七,4,-1,1,1,1,2,-1,1,1,3,-1,31009,20,16|17|7,41009,物理型攻击英雄，残血杀手，攻击生命值最低的敌人并使其流血，普攻前获得一次额外攻击机会。,-1,-1
41013,公孙胜,4,-1,1,1,1,2,-1,1,1,3,-1,31013,52,17,41013,法术型攻击英雄，强力法师，对多个目标造成法术伤害并有几率眩晕目标，上场时增强己方全体百分比攻击力。,-1,-1
41014,花荣,4,-1,3,1,1,2,-1,1,1,3,-1,31014,52,1,41014,法术型攻击英雄，高暴击全体控制，攻击全体敌人同时会增加自身的伤害并有几率沉默敌人，上场时增强己方全体暴击率。,-1,-1
41017,徐宁,4,-1,2,1,1,2,-1,1,1,3,-1,31017,20,14,41017,法师型攻击英雄，竖排控制，攻击竖排敌人并造成沉默，上场时降低敌方男性英雄防御力。,-1,-1
41015,柴进,4,-1,1,1,1,2,-1,1,1,3,-1,31015,44,20|7,41015,法术型攻击英雄，范围毒伤，能让所有敌人中毒并增加自己的攻击力，上场时为己方女性英雄增加固定攻击力。,-1,-1
41023,西门庆,4,-1,1,1,1,2,-1,1,1,3,-1,31023,14,1|7,41023,法术型攻击英雄，残血杀手，攻击生命值最低的敌人造成大量伤害，上场时降低敌方女性英雄的防御力,-1,-1
41026,潘金莲,4,-1,1,1,1,2,-1,1,1,3,-1,31026,6,1|19|7,41026,法术型辅助英雄，能同时治疗我方2个英雄，会给敌人附加中毒效果.,-1,-1
41027,李师师,4,-1,1,1,1,2,-1,1,1,3,-1,31027,44,1|7,41027,法术型辅助英雄，强大的治疗能力，恢复己方全体生命同时增强防御，上场时为己方女性英雄增加百分比攻击力。,-1,-1
41011,石秀,4,-1,1,1,1,2,-1,1,1,3,-1,31011,14,1|5|14|19|7,41011,物理型输出英雄，随机攻击一个敌人，上场时自带吸血效果。,-1,-1
41020,阮小五,4,-1,1,1,1,2,-1,1,1,3,-1,31020,14,1|7,41020,法术型攻击英雄，攻击敌方全体单位，为我方男性英雄增加攻击力，击杀目标后获得一次额外的攻击机会。,-1,-1
41037,千御杨志,4,-1,1,1,1,2,-1,1,1,3,-1,31037,14,1|19|7,41037,法术型坦克英雄，高血量高防御，上场时为自身提升固定防御力。,-1,
41038,鲁智深2,4,-1,1,1,1,2,-1,1,1,3,-1,31038,14,-1,41038,鲁智深2,-1,
41039,圣手柴进,4,-1,1,1,1,2,-1,1,1,3,-1,31039,14,1|19|11|7,41039,法术型辅助英雄，每回合都会为己方生命值最低的单位回复血量，大大提高生存率。,-1,
41040,沸血卢俊义,4,-1,1,1,1,2,-1,1,1,3,-1,31040,20,14|7,41040,物理型坦克英雄，强大的生存能力，攻击能增强自身防御，每次普攻前能够回复自身血量。,-1,
41041,暴走阮小七,4,-1,1,1,1,2,-1,1,1,3,-1,31041,64,18,41041,物理型攻击英雄，高爆发竖排控制，攻击竖排的敌人并几率造成眩晕，普攻前会对竖排的敌人发动一次额外攻击。,-1,
41042,魅影潘金莲,4,-1,1,1,1,2,-1,1,1,3,-1,31042,52,14,41042,法术型先手英雄，攻守兼备，攻击给敌人造成大量伤害同时禁止其普攻，上场时降低敌方攻击型英雄百分比攻击。,-1,
41043,血怒林冲,4,-1,1,1,1,2,-1,1,1,3,-1,31043,20,7,41043,物理型辅助英雄，攻击强化，会增加己方攻击型英雄的攻击力，每回合会增加己方生命值最低的英雄的百分比攻击力。,-1,
41044,武松2碎片,4,-1,1,1,1,2,-1,1,1,3,-1,31044,14,-1,41044,武松2碎片,-1,
41045,幻舞李师师,4,-1,1,1,1,2,-1,1,1,3,-1,31045,20,5|7,41045,法术型坦克英雄，强化己方生存能力，全体伤害并增加己方吸血效果，上场时增加防御型英雄的百分比防御力。,-1,
41046,赤焰刘唐,4,-1,1,1,1,2,-1,1,1,3,-1,31046,14,7,41046,物理型坦克英雄，超高防御，上场时会为自己提升防御力。,-1,
45002,高俅,4,-1,1,1,1,2,-1,1,1,3,-1,35002,64,18,45002,法术型攻击英雄，群攻大法师，对敌方多人造成伤害，并且几率禁止敌方普攻，上场时增加己方攻击性英雄伤害率。,-1,
41999,燕青,4,-1,1,1,1,2,-1,1,1,3,-1,31999,4,-1,41000,燕青,-1,
41998,关胜,4,-1,1,1,1,2,-1,1,1,3,-1,31998,4,-1,41000,关胜,-1,
41997,秦明,4,-1,1,1,1,2,-1,1,1,3,-1,31997,4,-1,41000,秦明,-1,
41996,董平,4,-1,1,1,1,2,-1,1,1,3,-1,31996,4,-1,41000,董平,-1,
71101,野猪皮,6,1,1,0,999,1,100,1,99,5,-1,-1,-1,7,71101,野猪之毛皮，耐磨，帽子进阶必备材料。,-1,-1
71102,黑冰水墨,6,1,1,0,999,1,100,1,99,5,-1,-1,-1,7,71102,黑色翡翠，仿佛一副水墨山水画，帽子进阶必备材料。,-1,-1
71103,棉布,6,1,1,0,999,1,100,1,99,5,-1,-1,-1,7,71103,棉花制成的布料，帽子进阶必备材料。,-1,-1
71201,香云纱,6,1,1,0,999,1,100,1,99,5,-1,-1,-1,7,71201,以普通桑蚕丝织就，轻便耐用，衣服进阶必备材料。,-1,-1
71202,云母,6,1,1,0,999,1,100,1,99,5,-1,-1,-1,7,71202,白色的矿石，可染色，衣服进阶必备材料。,-1,-1
71203,棉线,6,1,1,0,999,1,100,1,99,5,-1,-1,-1,7,71203,棉花纺成的线，衣服进阶必备材料。,-1,-1
71301,百炼精铁,6,1,1,0,999,1,100,1,99,5,-1,-1,-1,7,71301,普通铁矿百炼而成，武器进阶必备材料。,-1,-1
71302,玄黄元铜,6,1,1,0,999,1,100,1,99,5,-1,-1,-1,7,71302,长白山出产，精炼后散发黄色玄光，武器进阶必备材料。,-1,-1
71303,紫檀木,6,1,1,0,999,1,100,1,99,5,-1,-1,-1,7,71303,木质坚硬，号称帝王之木，武器进阶必备材料。,-1,-1
71401,青狼骸骨,6,1,1,0,999,1,100,1,99,5,-1,-1,-1,7,71401,青狼之骨，透露一股阴冷的气息，耳环进阶必备材料。,-1,-1
71402,白玉珍珠,6,1,1,0,999,1,100,1,99,5,-1,-1,-1,7,71402,纯白如玉的珍珠，耳环进阶必备材料。,-1,-1
71403,白玉贝,6,1,1,0,999,1,100,1,99,5,-1,-1,-1,7,71403,状如白玉，优美异常，耳环进阶必备材料。,-1,-1
71501,白玉蟠桃,6,1,1,0,999,1,100,1,99,5,-1,-1,-1,-1,71501,仙果，果肉纯白如玉，战马进阶必备材料。,-1,-1
71502,马蹄金,6,1,1,0,999,1,100,1,99,5,-1,-1,-1,-1,71502,外表如马蹄，又名金钱草，战马进阶必备材料。,-1,-1
71503,青狼之血,6,1,1,0,999,1,100,1,99,5,-1,-1,-1,-1,71503,草原青狼之血，蕴含贪婪力量，战马进阶必备材料。,-1,-1
71601,云母笺,6,1,1,0,999,1,100,1,99,5,-1,-1,-1,-1,71601,熟宣，添加了云母粉，故名之，兵书进阶必备材料。,-1,-1
71602,绵玉鸡毫,6,1,1,0,999,1,100,1,99,5,-1,-1,-1,-1,71602,取鸡胸毛为笔，软如绵，色如玉，兵书进阶必备材料。,-1,-1
71603,水波如意墨,6,1,1,0,999,1,100,1,99,5,-1,-1,-1,-1,71603,形如花朵，水波如意为纹，兵书进阶必备材料。,-1,-1
71111,山羊皮,6,1,2,0,999,1,204,1,98,5,-1,-1,-1,7,71101,取自山羊，非常耐用，帽子进阶必备材料。,-1,-1
71112,墨玉翡翠,6,1,2,0,999,1,204,1,98,5,-1,-1,-1,7,71102,色如墨玉而隐隐透绿，又名墨翠，帽子进阶必备材料。,-1,-1
71113,素罗纱,6,1,2,0,999,1,204,1,98,5,-1,-1,-1,7,71103,经纱起绞的素织物罗，素净典雅，帽子进阶必备材料。,-1,-1
71211,天蚕宝丝,6,1,2,0,999,1,204,1,98,5,-1,-1,-1,7,71201,雪山寒蚕所吐银丝织就，坚韧无比，衣服进阶必备材料。,-1,-1
71212,石绿,6,1,2,0,999,1,204,1,98,5,-1,-1,-1,7,71202,绿色的矿石，可染色，衣服进阶必备材料。,-1,-1
71213,蚕丝,6,1,2,0,999,1,204,1,98,5,-1,-1,-1,7,71203,桑蚕吐丝编成的线，白亮细腻，衣服进阶必备材料。,-1,-1
71311,墨玉精铁,6,1,2,0,999,1,204,1,98,5,-1,-1,-1,7,71301,融入墨玉精华的精铁，武器进阶必备材料。,-1,-1
71312,玄黄晶铜,6,1,2,0,999,1,204,1,98,5,-1,-1,-1,7,71302,玄黄元铜之精华，极为难得，武器进阶必备材料。,-1,-1
71313,赤精木,6,1,2,0,999,1,204,1,98,5,-1,-1,-1,7,71303,十年一轮，千年成材，木质坚韧，武器进阶必备材料。,-1,-1
71411,花豹骸骨,6,1,2,0,999,1,204,1,98,5,-1,-1,-1,7,71401,花豹之骨，坚硬无比，耳环进阶必备材料。,-1,-1
71412,玲珑粉珠,6,1,2,0,999,1,204,1,98,5,-1,-1,-1,7,71402,小巧玲珑的粉色珍珠，比较罕见，耳环进阶必备材料。,-1,-1
71413,夜光贝,6,1,2,0,999,1,204,1,98,5,-1,-1,-1,7,71403,夜色下能发出珠玉般宝光的贝壳，耳环进阶必备材料。,-1,-1
71511,春雪蟠桃,6,1,2,0,999,1,204,1,98,5,-1,-1,-1,-1,71501,仙果，纯白似雪香气扑鼻，战马进阶必备材料。,-1,-1
71512,兰香草,6,1,2,0,999,1,204,1,98,5,-1,-1,-1,-1,71502,形如塔，香如兰，战马进阶必备材料。,-1,-1
71513,花豹之血,6,1,2,0,999,1,204,1,98,5,-1,-1,-1,-1,71503,荒谷花豹之血，蕴含迅捷力量，战马进阶必备材料。,-1,-1
71611,蝉翼宣纸,6,1,2,0,999,1,204,1,98,5,-1,-1,-1,-1,71601,熟宣，极其轻薄如蝉翼，兵书进阶必备材料。,-1,-1
71612,玲珑鼠须,6,1,2,0,999,1,204,1,98,5,-1,-1,-1,-1,71602,采家鼠鬓须制成，柔中带刚，兵书进阶必备材料。,-1,-1
71613,蟠云墨,6,1,2,0,999,1,204,1,98,5,-1,-1,-1,-1,71603,美观厚重，蟠云为饰，兵书进阶必备材料。,-1,-1
71121,黄牛皮,6,1,3,0,999,1,680,1,97,5,-1,-1,-1,7,71101,黄牛之毛皮，用途广泛，帽子进阶必备材料。,-1,-1
71122,金丝翡翠,6,1,3,0,999,1,680,1,97,5,-1,-1,-1,7,71102,晶莹剔透而又带丝丝碧绿，帽子进阶必备材料。,-1,-1
71123,龙绡纱,6,1,3,0,999,1,680,1,97,5,-1,-1,-1,7,71103,非常轻薄的纱布，入水不濡，帽子进阶必备材料。,-1,-1
71221,天罗真丝,6,1,3,0,999,1,680,1,97,5,-1,-1,-1,7,71201,天罗玉蚕所吐真丝编织而成，衣服进阶必备材料。,-1,-1
71222,石青,6,1,3,0,999,1,680,1,97,5,-1,-1,-1,7,71202,蓝色的矿石，可染色，衣服进阶必备材料。,-1,-1
71223,兽筋,6,1,3,0,999,1,680,1,97,5,-1,-1,-1,7,71203,动物筋条制成的线，坚韧耐用，衣服进阶必备材料。,-1,-1
71321,赤金精铁,6,1,3,0,999,1,680,1,97,5,-1,-1,-1,7,71301,赤金铁矿百炼而成，坚硬无比，武器进阶必备材料。,-1,-1
71322,赤血元铜,6,1,3,0,999,1,680,1,97,5,-1,-1,-1,7,71302,瑶池出产，色如赤血，武器进阶必备材料。,-1,-1
71323,凤血木,6,1,3,0,999,1,680,1,97,5,-1,-1,-1,7,71303,其形如凤，其色似血，故名凤血，武器进阶必备材料。,-1,-1
71421,白虎骸骨,6,1,3,0,999,1,680,1,97,5,-1,-1,-1,7,71401,白虎之骨，坚硬且透着玉质的光芒，耳环进阶必备材料。,-1,-1
71422,玫瑰珍珠,6,1,3,0,999,1,680,1,97,5,-1,-1,-1,7,71402,玫瑰色的珍珠，非常稀有，耳环进阶必备材料。,-1,-1
71423,秀峰文蛤,6,1,3,0,999,1,680,1,97,5,-1,-1,-1,7,71403,带有玄奥花纹的贝壳，耳环进阶必备材料。,-1,-1
71521,水晶蟠桃,6,1,3,0,999,1,680,1,97,5,-1,-1,-1,-1,71501,仙果，如水晶般晶莹剔透，战马进阶必备材料。,-1,-1
71522,风蝶草,6,1,3,0,999,1,680,1,97,5,-1,-1,-1,-1,71502,外形优美，香味浓烈，战马进阶必备材料。,-1,-1
71523,白虎之血,6,1,3,0,999,1,680,1,97,5,-1,-1,-1,-1,71503,深山白虎之血，蕴含凶猛力量，战马进阶必备材料。,-1,-1
71621,冰雪宣纸,6,1,3,0,999,1,680,1,97,5,-1,-1,-1,-1,71601,熟宣，洁白如冰雪，兵书进阶必备材料。,-1,-1
71622,花尖紫毫,6,1,3,0,999,1,680,1,97,5,-1,-1,-1,-1,71602,以野兔项背之毫制成，笔中精品，兵书进阶必备材料。,-1,-1
71623,螭纹墨,6,1,3,0,999,1,680,1,97,5,-1,-1,-1,-1,71603,精美异常，篆刻螭龙，兵书进阶必备材料。,-1,-1
71131,鹿皮,6,1,4,0,999,1,1020,1,96,5,-1,-1,-1,7,71101,梅花鹿的毛皮，非常美观，帽子进阶必备材料。,-1,-1
71132,蓝花冰翠,6,1,4,0,999,1,1020,1,96,5,-1,-1,-1,7,71102,质地通透，清亮似冰名贵的翡翠，帽子进阶必备材料。,-1,-1
71133,云锦纱,6,1,4,0,999,1,1020,1,96,5,-1,-1,-1,7,71103,色泽亮丽，美如天上云霞，帽子进阶必备材料。,-1,-1
71231,金丝凤翅,6,1,4,0,999,1,1020,1,96,5,-1,-1,-1,7,71201,采火凤之羽以金丝织就，刀枪不入，衣服进阶必备材料。,-1,-1
71232,赭石,6,1,4,0,999,1,1020,1,96,5,-1,-1,-1,7,71202,红棕色的矿石，可染色，衣服进阶必备材料。,-1,-1
71233,银丝,6,1,4,0,999,1,1020,1,96,5,-1,-1,-1,7,71203,普通丝线渗入银丝后，银光闪闪，衣服进阶必备材料。,-1,-1
71331,天山寒铁,6,1,4,0,999,1,1020,1,96,5,-1,-1,-1,7,71301,天山特产铁矿所炼，奇寒无比，武器进阶必备材料。,-1,-1
71332,赤血晶铜,6,1,4,0,999,1,1020,1,96,5,-1,-1,-1,7,71302,赤血元铜之精华，产量极其稀少，武器进阶必备材料。,-1,-1
71333,天柱木,6,1,4,0,999,1,1020,1,96,5,-1,-1,-1,7,71303,高大笔直，如天之柱，刀砍不折，武器进阶必备材料。,-1,-1
71431,巨象骸骨,6,1,4,0,999,1,1020,1,96,5,-1,-1,-1,7,71401,巨象之骨，巨大而坚硬，耳环进阶必备材料。,-1,-1
71432,紫晶宝珠,6,1,4,0,999,1,1020,1,96,5,-1,-1,-1,7,71402,蓝紫色的宝珠，浓紫深邃，耳环进阶必备材料。,-1,-1
71433,黄金宝螺,6,1,4,0,999,1,1020,1,96,5,-1,-1,-1,7,71403,带有金黄色光泽的贝壳，色彩瑰丽，耳环进阶必备材料。,-1,-1
71531,赤血蟠桃,6,1,4,0,999,1,1020,1,96,5,-1,-1,-1,-1,71501,仙果，果肉赤红如血，战马进阶必备材料。,-1,-1
71532,紫金草,6,1,4,0,999,1,1020,1,96,5,-1,-1,-1,-1,71502,又名二月兰，淡雅清新，战马进阶必备材料。,-1,-1
71533,巨象之血,6,1,4,0,999,1,1020,1,96,5,-1,-1,-1,-1,71503,戈壁巨象之血，蕴含纯善力量，战马进阶必备材料。,-1,-1
71631,金花笺,6,1,4,0,999,1,1020,1,96,5,-1,-1,-1,-1,71601,古代名纸，描绘有金花，兵书进阶必备材料。,-1,-1
71632,玉雕龙管,6,1,4,0,999,1,1020,1,96,5,-1,-1,-1,-1,71602,白玉雕龙为身，青羊之须为首，兵书进阶必备材料。,-1,-1
71633,汉玉i墨,6,1,4,0,999,1,1531,1,96,5,-1,-1,-1,-1,71603,方正古朴，形如玉珏，兵书进阶必备材料。,-1,-1
71141,犀牛皮,6,1,5,0,999,1,1531,1,95,5,-1,-1,-1,7,71101,犀牛之皮，刀枪不入，不惧水火，帽子进阶必备材料。,-1,-1
71142,老坑玻璃,6,1,5,0,999,1,1531,1,95,5,-1,-1,-1,7,71102,质地细腻，纯净无瑕疵，帽子进阶必备材料。,-1,-1
71143,青蝉翼,6,1,5,0,999,1,1531,1,95,5,-1,-1,-1,7,71103,华贵的纱布，轻薄如蝉翼故而名之，帽子进阶必备材料。,-1,-1
71241,鎏金浣月,6,1,5,0,999,1,1531,1,95,5,-1,-1,-1,7,71201,采日月之精华以秘法融入金丝之中，衣服进阶必备材料。,-1,-1
71242,朱砂,6,1,5,0,999,1,1531,1,95,5,-1,-1,-1,7,71202,红色的矿石，可染色，衣服进阶必备材料。,-1,-1
71243,金丝,6,1,5,0,999,1,1531,1,95,5,-1,-1,-1,7,71203,普通丝线渗入金丝后，金光闪闪，衣服进阶必备材料。,-1,-1
71341,神纹精铁,6,1,5,0,999,1,1531,1,95,5,-1,-1,-1,7,71301,炼成后自带繁复纹理，武器进阶必备材料。,-1,-1
71342,乌金玄铜,6,1,5,0,999,1,1531,1,95,5,-1,-1,-1,7,71302,乌金铜矿所炼，坚硬堪比精铁，武器进阶必备材料。,-1,-1
71343,青梧木,6,1,5,0,999,1,1531,1,95,5,-1,-1,-1,7,71303,相传能吸引青鸾栖息的神树，武器进阶必备材料。,-1,-1
71441,神龙骸骨,6,1,5,0,999,1,1531,1,95,5,-1,-1,-1,7,71401,远古神龙遗骨，得之可号令百兽，耳环进阶必备材料。,-1,-1
71442,龙吻金珠,6,1,5,0,999,1,1531,1,95,5,-1,-1,-1,7,71402,稀世宝珠，金光闪闪犹如龙珠，耳环进阶必备材料。,-1,-1
71443,水晶凤凰螺,6,1,5,0,999,1,1531,1,95,5,-1,-1,-1,7,71403,贝壳白净透明，宛若水晶，耳环进阶必备材料。,-1,-1
71541,灵寿蟠桃,6,1,5,0,999,1,1531,1,95,5,-1,-1,-1,-1,71501,仙果，传说食之可获长生，战马进阶必备材料。,-1,-1
71542,修容绯衣草,6,1,5,0,999,1,1531,1,95,5,-1,-1,-1,-1,71502,色彩美丽，形态优雅，战马进阶必备材料。,-1,-1
71543,神龙之血,6,1,5,0,999,1,1531,1,95,5,-1,-1,-1,-1,71503,远古神龙之血，蕴含王者力量，战马进阶必备材料。,-1,-1
71641,澄心堂纸,6,1,5,0,999,1,1531,1,95,5,-1,-1,-1,-1,71601,坚洁如玉，极其名贵的宣纸，兵书进阶必备材料。,-1,-1
71642,关东辽尾,6,1,5,0,999,1,1531,1,95,5,-1,-1,-1,-1,71602,黄鼠狼尾毛制成，宜书宜画，兵书进阶必备材料。,-1,-1
71643,龙香御墨,6,1,5,0,999,1,1531,1,95,5,-1,-1,-1,-1,71603,皇室藏品，异香扑鼻，墨中精品，兵书进阶必备材料。,-1,-1
72101,佛手,6,1,1,0,999,1,61,1,99,5,-1,-1,-1,7,72101,果实张开如佛手，英雄觉醒的材料。,-1,-1
72201,翠榴,6,1,1,0,999,1,61,1,99,5,-1,-1,-1,7,72201,非常罕见的宝石，翠绿欲滴，英雄觉醒的材料。,-1,-1
72301,灵脂,6,1,1,0,999,1,61,1,99,5,-1,-1,-1,7,72301,深海灵气孕育而成的药物，英雄觉醒的材料。,-1,-1
72102,血玉,6,1,1,0,999,1,61,1,99,5,-1,-1,-1,7,72102,玉石被血气沁入而成，英雄觉醒的材料。,-1,-1
72202,龙胆,6,1,1,0,999,1,61,1,99,5,-1,-1,-1,7,72202,根可入药，清肝去火，英雄觉醒的材料。,-1,-1
72302,蝎尾,6,1,1,0,999,1,61,1,99,5,-1,-1,-1,7,72302,五毒蝎之尾，英雄觉醒的材料。,-1,-1
72103,鹿茸,6,1,1,0,999,1,61,1,99,5,-1,-1,-1,7,72103,补髓健骨，是名贵药材，英雄觉醒的材料。,-1,-1
72203,沉香,6,1,1,0,999,1,61,1,99,5,-1,-1,-1,7,72203,香气馥郁，有安神静心奇效，英雄觉醒的材料。,-1,-1
72303,菩提,6,1,1,0,999,1,61,1,99,5,-1,-1,-1,7,72303,菩提树的种子，驱邪避凶，英雄觉醒的材料。,-1,-1
72104,仙叶,6,1,1,0,999,1,61,1,99,5,-1,-1,-1,7,72104,传说中的仙草，翠绿欲滴，英雄觉醒的材料。,-1,-1
72204,凤羽,6,1,1,0,999,1,61,1,99,5,-1,-1,-1,7,72204,传说中凤凰的尾羽，英雄觉醒的材料。,-1,-1
72304,麝香,6,1,1,0,999,1,61,1,99,5,-1,-1,-1,7,72304,既是名贵药材又是高级香料，英雄觉醒的材料。,-1,-1
72105,苁蓉,6,1,1,0,999,1,61,1,99,5,-1,-1,-1,7,72105,有“沙漠人参”之美誉，英雄觉醒的材料。,-1,-1
72205,虎骨,6,1,1,0,999,1,61,1,99,5,-1,-1,-1,7,72205,祛风通络，是名贵药材，英雄觉醒的材料。,-1,-1
72305,象牙,6,1,1,0,999,1,61,1,99,5,-1,-1,-1,7,72305,洁白细腻，名贵异常，英雄觉醒的材料。,-1,-1
72106,灵根,6,1,1,0,999,1,61,1,99,5,-1,-1,-1,7,72106,传说中的灵树，无花无叶，英雄觉醒的材料。,-1,-1
72206,熊胆,6,1,1,0,999,1,61,1,99,5,-1,-1,-1,7,72206,黑熊之胆，可清热解毒、英雄觉醒的材料。,-1,-1
72306,金鳞,6,1,1,0,999,1,61,1,99,5,-1,-1,-1,7,72306,透露一股神秘气息，英雄觉醒的材料。,-1,-1
72107,雪参,6,1,1,0,999,1,61,1,99,5,-1,-1,-1,7,72107,千年雪参，服之可得长生，英雄觉醒的材料。,-1,-1
72207,墨晶,6,1,1,0,999,1,61,1,99,5,-1,-1,-1,7,72207,带在身上有宁神之效，英雄觉醒的材料。,-1,-1
72307,龟甲,6,1,1,0,999,1,61,1,99,5,-1,-1,-1,7,72307,千年龟甲，是名贵药材，英雄觉醒的材料。,-1,-1
72108,赤芝,6,1,1,0,999,1,61,1,99,5,-1,-1,-1,7,72108,传闻可以起死回生的仙草，英雄觉醒的材料。,-1,-1
72208,冰魄,6,1,1,0,999,1,61,1,99,5,-1,-1,-1,7,72208,千年寒冰凝结而成，英雄觉醒的材料。,-1,-1
72308,犀角,6,1,1,0,999,1,61,1,99,5,-1,-1,-1,7,72308,白犀牛的角，可入药，英雄觉醒的材料。,-1,-1
72109,龙涎,6,1,1,0,999,1,61,1,99,5,-1,-1,-1,7,72109,名贵的香料，亦可入药，英雄觉醒的材料。,-1,-1
72209,钟乳,6,1,1,0,999,1,61,1,99,5,-1,-1,-1,7,72209,蕴含天地精华而成，英雄觉醒的材料。,-1,-1
72309,魂玉,6,1,1,0,999,1,61,1,99,5,-1,-1,-1,7,72309,来历神秘的玉石，英雄觉醒的材料。,-1,-1
72110,雪莲,6,1,1,0,999,1,61,1,99,5,-1,-1,-1,7,72110,有活死人肉白骨之奇效，英雄觉醒的材料。,-1,-1
72210,玉髓,6,1,1,0,999,1,61,1,99,5,-1,-1,-1,7,72210,散发着玉质的光泽，英雄觉醒的材料。,-1,-1
72310,琥珀,6,1,1,0,999,1,61,1,99,5,-1,-1,-1,7,72310,千年琥珀，怡人的香气，英雄觉醒的材料。,-1,-1
72111,星之佛手,6,1,2,0,999,1,76,1,98,5,-1,-1,-1,7,72101,果实张开如佛手，英雄觉醒的材料。,-1,-1
72211,星之翠榴,6,1,2,0,999,1,76,1,98,5,-1,-1,-1,7,72201,非常罕见的宝石，翠绿欲滴，英雄觉醒的材料。,-1,-1
72311,星之灵脂,6,1,2,0,999,1,76,1,98,5,-1,-1,-1,7,72301,深海灵气孕育而成的药物，英雄觉醒的材料。,-1,-1
72112,星之血玉,6,1,2,0,999,1,76,1,98,5,-1,-1,-1,7,72102,玉石被血气沁入而成，英雄觉醒的材料。,-1,-1
72212,星之龙胆,6,1,2,0,999,1,76,1,98,5,-1,-1,-1,7,72202,根可入药，清肝去火，英雄觉醒的材料。,-1,-1
72312,星之蝎尾,6,1,2,0,999,1,76,1,98,5,-1,-1,-1,7,72302,五毒蝎之尾，英雄觉醒的材料。,-1,-1
72113,星之鹿茸,6,1,2,0,999,1,76,1,98,5,-1,-1,-1,7,72103,补髓健骨，是名贵药材，英雄觉醒的材料。,-1,-1
72213,星之沉香,6,1,2,0,999,1,76,1,98,5,-1,-1,-1,7,72203,香气馥郁，有安神静心奇效，英雄觉醒的材料。,-1,-1
72313,星之菩提,6,1,2,0,999,1,76,1,98,5,-1,-1,-1,7,72303,菩提树的种子，驱邪避凶，英雄觉醒的材料。,-1,-1
72114,星之仙叶,6,1,2,0,999,1,76,1,98,5,-1,-1,-1,7,72104,传说中的仙草，翠绿欲滴，英雄觉醒的材料。,-1,-1
72214,星之凤羽,6,1,2,0,999,1,76,1,98,5,-1,-1,-1,7,72204,传说中凤凰的尾羽，英雄觉醒的材料。,-1,-1
72314,星之麝香,6,1,2,0,999,1,76,1,98,5,-1,-1,-1,7,72304,既是名贵药材又是高级香料，英雄觉醒的材料。,-1,-1
72115,星之苁蓉,6,1,2,0,999,1,76,1,98,5,-1,-1,-1,7,72105,有“沙漠人参”之美誉，英雄觉醒的材料。,-1,-1
72215,星之虎骨,6,1,2,0,999,1,76,1,98,5,-1,-1,-1,7,72205,祛风通络，是名贵药材，英雄觉醒的材料。,-1,-1
72315,星之象牙,6,1,2,0,999,1,102,1,98,5,-1,-1,-1,7,72305,洁白细腻，名贵异常，英雄觉醒的材料。,-1,-1
72116,星之灵根,6,1,2,0,999,1,102,1,98,5,-1,-1,-1,7,72106,传说中的灵树，无花无叶，英雄觉醒的材料。,-1,-1
72216,星之熊胆,6,1,2,0,999,1,102,1,98,5,-1,-1,-1,7,72206,黑熊之胆，可清热解毒、英雄觉醒的材料。,-1,-1
72316,星之金鳞,6,1,2,0,999,1,102,1,98,5,-1,-1,-1,7,72306,透露一股神秘气息，英雄觉醒的材料。,-1,-1
72117,星之雪参,6,1,2,0,999,1,102,1,98,5,-1,-1,-1,7,72107,千年雪参，服之可得长生，英雄觉醒的材料。,-1,-1
72217,星之魔晶,6,1,2,0,999,1,102,1,98,5,-1,-1,-1,7,72207,带在身上有宁神之效，英雄觉醒的材料。,-1,-1
72317,星之龟甲,6,1,2,0,999,1,102,1,98,5,-1,-1,-1,7,72307,千年龟甲，是名贵药材，英雄觉醒的材料。,-1,-1
72118,星之赤芝,6,1,2,0,999,1,102,1,98,5,-1,-1,-1,7,72108,传闻可以起死回生的仙草，英雄觉醒的材料。,-1,-1
72218,星之冰魄,6,1,2,0,999,1,102,1,98,5,-1,-1,-1,7,72208,千年寒冰凝结而成，英雄觉醒的材料。,-1,-1
72318,星之犀角,6,1,2,0,999,1,102,1,98,5,-1,-1,-1,7,72308,白犀牛的角，可入药，英雄觉醒的材料。,-1,-1
72119,星之龙涎,6,1,2,0,999,1,102,1,98,5,-1,-1,-1,7,72109,名贵的香料，亦可入药，英雄觉醒的材料。,-1,-1
72219,星之钟乳,6,1,2,0,999,1,102,1,98,5,-1,-1,-1,7,72209,蕴含天地精华而成，英雄觉醒的材料。,-1,-1
72319,星之魂玉,6,1,2,0,999,1,102,1,98,5,-1,-1,-1,7,72309,来历神秘的玉石，英雄觉醒的材料。,-1,-1
72120,星之雪莲,6,1,2,0,999,1,102,1,98,5,-1,-1,-1,7,72110,有活死人肉白骨之奇效，英雄觉醒的材料。,-1,-1
72220,星之玉髓,6,1,2,0,999,1,102,1,98,5,-1,-1,-1,7,72210,散发着玉质的光泽，英雄觉醒的材料。,-1,-1
72320,星之琥珀,6,1,2,0,999,1,102,1,98,5,-1,-1,-1,7,72310,千年琥珀，怡人的香气，英雄觉醒的材料。,-1,-1
72121,月之佛手,6,1,3,0,999,1,340,1,97,5,-1,-1,-1,7,72101,果实张开如佛手，英雄觉醒的材料。,-1,-1
72221,月之翠榴,6,1,3,0,999,1,340,1,97,5,-1,-1,-1,7,72201,非常罕见的宝石，翠绿欲滴，英雄觉醒的材料。,-1,-1
72321,月之灵脂,6,1,3,0,999,1,340,1,97,5,-1,-1,-1,7,72301,深海灵气孕育而成的药物，英雄觉醒的材料。,-1,-1
72122,月之血玉,6,1,3,0,999,1,340,1,97,5,-1,-1,-1,7,72102,玉石被血气沁入而成，英雄觉醒的材料。,-1,-1
72222,月之龙胆,6,1,3,0,999,1,340,1,97,5,-1,-1,-1,7,72202,根可入药，清肝去火，英雄觉醒的材料。,-1,-1
72322,月之蝎尾,6,1,3,0,999,1,340,1,97,5,-1,-1,-1,7,72302,五毒蝎之尾，英雄觉醒的材料。,-1,-1
72123,月之鹿茸,6,1,3,0,999,1,340,1,97,5,-1,-1,-1,7,72103,补髓健骨，是名贵药材，英雄觉醒的材料。,-1,-1
72223,月之沉香,6,1,3,0,999,1,340,1,97,5,-1,-1,-1,7,72203,香气馥郁，有安神静心奇效，英雄觉醒的材料。,-1,-1
72323,月之菩提,6,1,3,0,999,1,340,1,97,5,-1,-1,-1,7,72303,菩提树的种子，驱邪避凶，英雄觉醒的材料。,-1,-1
72124,月之仙叶,6,1,3,0,999,1,382,1,97,5,-1,-1,-1,7,72104,传说中的仙草，翠绿欲滴，英雄觉醒的材料。,-1,-1
72224,月之凤羽,6,1,3,0,999,1,382,1,97,5,-1,-1,-1,7,72204,传说中凤凰的尾羽，英雄觉醒的材料。,-1,-1
72324,月之麝香,6,1,3,0,999,1,382,1,97,5,-1,-1,-1,7,72304,既是名贵药材又是高级香料，英雄觉醒的材料。,-1,-1
72125,月之苁蓉,6,1,3,0,999,1,382,1,97,5,-1,-1,-1,7,72105,有“沙漠人参”之美誉，英雄觉醒的材料。,-1,-1
72225,月之虎骨,6,1,3,0,999,1,382,1,97,5,-1,-1,-1,7,72205,祛风通络，是名贵药材，英雄觉醒的材料。,-1,-1
72325,月之象牙,6,1,3,0,999,1,382,1,97,5,-1,-1,-1,7,72305,洁白细腻，名贵异常，英雄觉醒的材料。,-1,-1
72126,月之灵根,6,1,3,0,999,1,382,1,97,5,-1,-1,-1,7,72106,传说中的灵树，无花无叶，英雄觉醒的材料。,-1,-1
72226,月之熊胆,6,1,3,0,999,1,382,1,97,5,-1,-1,-1,7,72206,黑熊之胆，可清热解毒、英雄觉醒的材料。,-1,-1
72326,月之金鳞,6,1,3,0,999,1,382,1,97,5,-1,-1,-1,7,72306,透露一股神秘气息，英雄觉醒的材料。,-1,-1
72127,月之雪参,6,1,3,0,999,1,612,1,97,5,-1,-1,-1,7,72107,千年雪参，服之可得长生，英雄觉醒的材料。,-1,-1
72227,月之墨晶,6,1,3,0,999,1,612,1,97,5,-1,-1,-1,7,72207,带在身上有宁神之效，英雄觉醒的材料。,-1,-1
72327,月之龟甲,6,1,3,0,999,1,612,1,97,5,-1,-1,-1,7,72307,千年龟甲，是名贵药材，英雄觉醒的材料。,-1,-1
72128,月之赤芝,6,1,3,0,999,1,612,1,97,5,-1,-1,-1,7,72108,传闻可以起死回生的仙草，英雄觉醒的材料。,-1,-1
72228,月之冰魄,6,1,3,0,999,1,612,1,97,5,-1,-1,-1,7,72208,千年寒冰凝结而成，英雄觉醒的材料。,-1,-1
72328,月之犀角,6,1,3,0,999,1,612,1,97,5,-1,-1,-1,7,72308,白犀牛的角，可入药，英雄觉醒的材料。,-1,-1
72129,月之龙涎,6,1,3,0,999,1,612,1,97,5,-1,-1,-1,7,72109,名贵的香料，亦可入药，英雄觉醒的材料。,-1,-1
72229,月之钟乳,6,1,3,0,999,1,612,1,97,5,-1,-1,-1,7,72209,蕴含天地精华而成，英雄觉醒的材料。,-1,-1
72329,月之魂玉,6,1,3,0,999,1,612,1,97,5,-1,-1,-1,7,72309,来历神秘的玉石，英雄觉醒的材料。,-1,-1
72130,月之雪莲,6,1,3,0,999,1,612,1,97,5,-1,-1,-1,7,72110,有活死人肉白骨之奇效，英雄觉醒的材料。,-1,-1
72230,月之玉髓,6,1,3,0,999,1,612,1,97,5,-1,-1,-1,7,72210,散发着玉质的光泽，英雄觉醒的材料。,-1,-1
72330,月之琥珀,6,1,3,0,999,1,612,1,97,5,-1,-1,-1,7,72310,千年琥珀，怡人的香气，英雄觉醒的材料。,-1,-1
72131,紫之佛手,6,1,4,0,999,1,1225,1,96,5,-1,-1,-1,7,72101,果实张开如佛手，英雄觉醒的材料。,-1,-1
72231,紫之翠榴,6,1,4,0,999,1,1225,1,96,5,-1,-1,-1,7,72201,非常罕见的宝石，翠绿欲滴，英雄觉醒的材料。,-1,-1
72331,紫之灵脂,6,1,4,0,999,1,1225,1,96,5,-1,-1,-1,7,72301,深海灵气孕育而成的药物，英雄觉醒的材料。,-1,-1
72132,紫之血玉,6,1,4,0,999,1,1225,1,96,5,-1,-1,-1,7,72102,玉石被血气沁入而成，英雄觉醒的材料。,-1,-1
72232,紫之龙胆,6,1,4,0,999,1,1225,1,96,5,-1,-1,-1,7,72202,根可入药，清肝去火，英雄觉醒的材料。,-1,-1
72332,紫之蝎尾,6,1,4,0,999,1,1225,1,96,5,-1,-1,-1,7,72302,五毒蝎之尾，英雄觉醒的材料。,-1,-1
72133,紫之鹿茸,6,1,4,0,999,1,1225,1,96,5,-1,-1,-1,7,72103,补髓健骨，是名贵药材，英雄觉醒的材料。,-1,-1
72233,紫之沉香,6,1,4,0,999,1,1225,1,96,5,-1,-1,-1,7,72203,香气馥郁，有安神静心奇效，英雄觉醒的材料。,-1,-1
72333,紫之菩提,6,1,4,0,999,1,1225,1,96,5,-1,-1,-1,7,72303,菩提树的种子，驱邪避凶，英雄觉醒的材料。,-1,-1
72134,紫之仙叶,6,1,4,0,999,1,1225,1,96,5,-1,-1,-1,7,72104,传说中的仙草，翠绿欲滴，英雄觉醒的材料。,-1,-1
72234,紫之凤羽,6,1,4,0,999,1,1225,1,96,5,-1,-1,-1,7,72204,传说中凤凰的尾羽，英雄觉醒的材料。,-1,-1
72334,紫之麝香,6,1,4,0,999,1,1225,1,96,5,-1,-1,-1,7,72304,既是名贵药材又是高级香料，英雄觉醒的材料。,-1,-1
72135,紫之苁蓉,6,1,4,0,999,1,1225,1,96,5,-1,-1,-1,7,72105,有“沙漠人参”之美誉，英雄觉醒的材料。,-1,-1
72235,紫之虎骨,6,1,4,0,999,1,1225,1,96,5,-1,-1,-1,7,72205,祛风通络，是名贵药材，英雄觉醒的材料。,-1,-1
72335,紫之象牙,6,1,4,0,999,1,1225,1,96,5,-1,-1,-1,7,72305,洁白细腻，名贵异常，英雄觉醒的材料。,-1,-1
72136,紫之灵根,6,1,4,0,999,1,1225,1,96,5,-1,-1,-1,7,72106,传说中的灵树，无花无叶，英雄觉醒的材料。,-1,-1
72236,紫之熊胆,6,1,4,0,999,1,1225,1,96,5,-1,-1,-1,7,72206,黑熊之胆，可清热解毒、英雄觉醒的材料。,-1,-1
72336,紫之金鳞,6,1,4,0,999,1,1225,1,96,5,-1,-1,-1,7,72306,透露一股神秘气息，英雄觉醒的材料。,-1,-1
72137,紫之雪参,6,1,4,0,999,1,1225,1,96,5,-1,-1,-1,7,72107,千年雪参，服之可得长生，英雄觉醒的材料。,-1,-1
72237,紫之墨晶,6,1,4,0,999,1,1225,1,96,5,-1,-1,-1,7,72207,带在身上有宁神之效，英雄觉醒的材料。,-1,-1
72337,紫之龟甲,6,1,4,0,999,1,1225,1,96,5,-1,-1,-1,7,72307,千年龟甲，是名贵药材，英雄觉醒的材料。,-1,-1
72138,紫之赤芝,6,1,4,0,999,1,1225,1,96,5,-1,-1,-1,7,72108,传闻可以起死回生的仙草，英雄觉醒的材料。,-1,-1
72238,紫之冰魄,6,1,4,0,999,1,1225,1,96,5,-1,-1,-1,7,72208,千年寒冰凝结而成，英雄觉醒的材料。,-1,-1
72338,紫之犀角,6,1,4,0,999,1,1225,1,96,5,-1,-1,-1,7,72308,白犀牛的角，可入药，英雄觉醒的材料。,-1,-1
72139,紫之龙涎,6,1,4,0,999,1,1225,1,96,5,-1,-1,-1,7,72109,名贵的香料，亦可入药，英雄觉醒的材料。,-1,-1
72239,紫之钟乳,6,1,4,0,999,1,1225,1,96,5,-1,-1,-1,7,72209,蕴含天地精华而成，英雄觉醒的材料。,-1,-1
72339,紫之魂玉,6,1,4,0,999,1,1225,1,96,5,-1,-1,-1,7,72309,来历神秘的玉石，英雄觉醒的材料。,-1,-1
72140,紫之雪莲,6,1,4,0,999,1,1225,1,96,5,-1,-1,-1,7,72110,有活死人肉白骨之奇效，英雄觉醒的材料。,-1,-1
72240,紫之玉髓,6,1,4,0,999,1,1225,1,96,5,-1,-1,-1,7,72210,散发着玉质的光泽，英雄觉醒的材料。,-1,-1
72340,紫之琥珀,6,1,4,0,999,1,1225,1,96,5,-1,-1,-1,7,72310,千年琥珀，怡人的香气，英雄觉醒的材料。,-1,-1
72141,玄之佛手,6,1,5,0,999,1,1531,1,95,5,-1,-1,-1,7,72101,果实张开如佛手，英雄觉醒的材料。,-1,-1
72241,玄之翠榴,6,1,5,0,999,1,1531,1,95,5,-1,-1,-1,7,72201,非常罕见的宝石，翠绿欲滴，英雄觉醒的材料。,-1,-1
72341,玄之灵脂,6,1,5,0,999,1,1531,1,95,5,-1,-1,-1,7,72301,深海灵气孕育而成的药物，英雄觉醒的材料。,-1,-1
72142,玄之血玉,6,1,5,0,999,1,1531,1,95,5,-1,-1,-1,7,72102,玉石被血气沁入而成，英雄觉醒的材料。,-1,-1
72242,玄之龙胆,6,1,5,0,999,1,1531,1,95,5,-1,-1,-1,7,72202,根可入药，清肝去火，英雄觉醒的材料。,-1,-1
72342,玄之蝎尾,6,1,5,0,999,1,1531,1,95,5,-1,-1,-1,7,72302,五毒蝎之尾，英雄觉醒的材料。,-1,-1
72143,玄之鹿茸,6,1,5,0,999,1,1531,1,95,5,-1,-1,-1,7,72103,补髓健骨，是名贵药材，英雄觉醒的材料。,-1,-1
72243,玄之沉香,6,1,5,0,999,1,1531,1,95,5,-1,-1,-1,7,72203,香气馥郁，有安神静心奇效，英雄觉醒的材料。,-1,-1
72343,玄之菩提,6,1,5,0,999,1,1531,1,95,5,-1,-1,-1,7,72303,菩提树的种子，驱邪避凶，英雄觉醒的材料。,-1,-1
72144,玄之仙叶,6,1,5,0,999,1,1531,1,95,5,-1,-1,-1,7,72104,传说中的仙草，翠绿欲滴，英雄觉醒的材料。,-1,-1
72244,玄之凤羽,6,1,5,0,999,1,1531,1,95,5,-1,-1,-1,7,72204,传说中凤凰的尾羽，英雄觉醒的材料。,-1,-1
72344,玄之麝香,6,1,5,0,999,1,1531,1,95,5,-1,-1,-1,7,72304,既是名贵药材又是高级香料，英雄觉醒的材料。,-1,-1
72145,玄之苁蓉,6,1,5,0,999,1,1531,1,95,5,-1,-1,-1,7,72105,有“沙漠人参”之美誉，英雄觉醒的材料。,-1,-1
72245,玄之虎骨,6,1,5,0,999,1,1531,1,95,5,-1,-1,-1,7,72205,祛风通络，是名贵药材，英雄觉醒的材料。,-1,-1
72345,玄之象牙,6,1,5,0,999,1,1531,1,95,5,-1,-1,-1,7,72305,洁白细腻，名贵异常，英雄觉醒的材料。,-1,-1
72146,玄之灵根,6,1,5,0,999,1,1531,1,95,5,-1,-1,-1,7,72106,传说中的灵树，无花无叶，英雄觉醒的材料。,-1,-1
72246,玄之熊胆,6,1,5,0,999,1,1531,1,95,5,-1,-1,-1,7,72206,黑熊之胆，可清热解毒、英雄觉醒的材料。,-1,-1
72346,玄之金鳞,6,1,5,0,999,1,1531,1,95,5,-1,-1,-1,7,72306,透露一股神秘气息，英雄觉醒的材料。,-1,-1
72147,玄之雪参,6,1,5,0,999,1,1531,1,95,5,-1,-1,-1,7,72107,千年雪参，服之可得长生，英雄觉醒的材料。,-1,-1
72247,玄之墨晶,6,1,5,0,999,1,1531,1,95,5,-1,-1,-1,7,72207,带在身上有宁神之效，英雄觉醒的材料。,-1,-1
72347,玄之龟甲,6,1,5,0,999,1,1531,1,95,5,-1,-1,-1,7,72307,千年龟甲，是名贵药材，英雄觉醒的材料。,-1,-1
72148,玄之赤芝,6,1,5,0,999,1,1531,1,95,5,-1,-1,-1,7,72108,传闻可以起死回生的仙草，英雄觉醒的材料。,-1,-1
72248,玄之冰魄,6,1,5,0,999,1,1531,1,95,5,-1,-1,-1,7,72208,千年寒冰凝结而成，英雄觉醒的材料。,-1,-1
72348,玄之犀角,6,1,5,0,999,1,1531,1,95,5,-1,-1,-1,7,72308,白犀牛的角，可入药，英雄觉醒的材料。,-1,-1
72149,玄之龙涎,6,1,5,0,999,1,1531,1,95,5,-1,-1,-1,7,72109,名贵的香料，亦可入药，英雄觉醒的材料。,-1,-1
72249,玄之钟乳,6,1,5,0,999,1,1531,1,95,5,-1,-1,-1,7,72209,蕴含天地精华而成，英雄觉醒的材料。,-1,-1
72349,玄之魂玉,6,1,5,0,999,1,1531,1,95,5,-1,-1,-1,7,72309,来历神秘的玉石，英雄觉醒的材料。,-1,-1
72150,玄之雪莲,6,1,5,0,999,1,1531,1,95,5,-1,-1,-1,7,72110,有活死人肉白骨之奇效，英雄觉醒的材料。,-1,-1
72250,玄之玉髓,6,1,5,0,999,1,1531,1,95,5,-1,-1,-1,7,72210,散发着玉质的光泽，英雄觉醒的材料。,-1,-1
72350,玄之琥珀,6,1,5,0,999,1,1531,1,95,5,-1,-1,-1,7,72310,千年琥珀，怡人的香气，英雄觉醒的材料。,-1,-1
72151,幻之佛手,6,1,6,0,999,1,1531,1,94,5,-1,-1,-1,7,72101,果实张开如佛手，英雄觉醒的材料。,-1,-1
72251,幻之翠榴,6,1,6,0,999,1,1531,1,94,5,-1,-1,-1,7,72201,非常罕见的宝石，翠绿欲滴，英雄觉醒的材料。,-1,-1
72351,幻之灵脂,6,1,6,0,999,1,1531,1,94,5,-1,-1,-1,7,72301,深海灵气孕育而成的药物，英雄觉醒的材料。,-1,-1
72152,幻之血玉,6,1,6,0,999,1,1531,1,94,5,-1,-1,-1,7,72102,玉石被血气沁入而成，英雄觉醒的材料。,-1,-1
72252,幻之龙胆,6,1,6,0,999,1,1531,1,94,5,-1,-1,-1,7,72202,根可入药，清肝去火，英雄觉醒的材料。,-1,-1
72352,幻之蝎尾,6,1,6,0,999,1,1531,1,94,5,-1,-1,-1,7,72302,五毒蝎之尾，英雄觉醒的材料。,-1,-1
72153,幻之鹿茸,6,1,6,0,999,1,1531,1,94,5,-1,-1,-1,7,72103,补髓健骨，是名贵药材，英雄觉醒的材料。,-1,-1
72253,幻之沉香,6,1,6,0,999,1,1531,1,94,5,-1,-1,-1,7,72203,香气馥郁，有安神静心奇效，英雄觉醒的材料。,-1,-1
72353,幻之菩提,6,1,6,0,999,1,1531,1,94,5,-1,-1,-1,7,72303,菩提树的种子，驱邪避凶，英雄觉醒的材料。,-1,-1
72154,幻之仙叶,6,1,6,0,999,1,1531,1,94,5,-1,-1,-1,7,72104,传说中的仙草，翠绿欲滴，英雄觉醒的材料。,-1,-1
72254,幻之凤羽,6,1,6,0,999,1,1531,1,94,5,-1,-1,-1,7,72204,传说中凤凰的尾羽，英雄觉醒的材料。,-1,-1
72354,幻之麝香,6,1,6,0,999,1,1531,1,94,5,-1,-1,-1,7,72304,既是名贵药材又是高级香料，英雄觉醒的材料。,-1,-1
72155,幻之苁蓉,6,1,6,0,999,1,1531,1,94,5,-1,-1,-1,7,72105,有“沙漠人参”之美誉，英雄觉醒的材料。,-1,-1
72255,幻之虎骨,6,1,6,0,999,1,1531,1,94,5,-1,-1,-1,7,72205,祛风通络，是名贵药材，英雄觉醒的材料。,-1,-1
72355,幻之象牙,6,1,6,0,999,1,1531,1,94,5,-1,-1,-1,7,72305,洁白细腻，名贵异常，英雄觉醒的材料。,-1,-1
72156,幻之灵根,6,1,6,0,999,1,1531,1,94,5,-1,-1,-1,7,72106,传说中的灵树，无花无叶，英雄觉醒的材料。,-1,-1
72256,幻之熊胆,6,1,6,0,999,1,1531,1,94,5,-1,-1,-1,7,72206,黑熊之胆，可清热解毒、英雄觉醒的材料。,-1,-1
72356,幻之金鳞,6,1,6,0,999,1,1531,1,94,5,-1,-1,-1,7,72306,透露一股神秘气息，英雄觉醒的材料。,-1,-1
72157,幻之雪参,6,1,6,0,999,1,1531,1,94,5,-1,-1,-1,7,72107,千年雪参，服之可得长生，英雄觉醒的材料。,-1,-1
72257,幻之墨晶,6,1,6,0,999,1,1531,1,94,5,-1,-1,-1,7,72207,带在身上有宁神之效，英雄觉醒的材料。,-1,-1
72357,幻之龟甲,6,1,6,0,999,1,1531,1,94,5,-1,-1,-1,7,72307,千年龟甲，是名贵药材，英雄觉醒的材料。,-1,-1
72158,幻之赤芝,6,1,6,0,999,1,1531,1,94,5,-1,-1,-1,7,72108,传闻可以起死回生的仙草，英雄觉醒的材料。,-1,-1
72258,幻之冰魄,6,1,6,0,999,1,1531,1,94,5,-1,-1,-1,7,72208,千年寒冰凝结而成，英雄觉醒的材料。,-1,-1
72358,幻之犀角,6,1,6,0,999,1,1531,1,94,5,-1,-1,-1,7,72308,白犀牛的角，可入药，英雄觉醒的材料。,-1,-1
72159,幻之龙涎,6,1,6,0,999,1,1531,1,94,5,-1,-1,-1,7,72109,名贵的香料，亦可入药，英雄觉醒的材料。,-1,-1
72259,幻之钟乳,6,1,6,0,999,1,1531,1,94,5,-1,-1,-1,7,72209,蕴含天地精华而成，英雄觉醒的材料。,-1,-1
72359,幻之魂玉,6,1,6,0,999,1,1531,1,94,5,-1,-1,-1,7,72309,来历神秘的玉石，英雄觉醒的材料。,-1,-1
73000,淬炼精魄,6,1,5,1,999,1,1,1,96,5,-1,-1,-1,15,73000,集天地精华而成，淬炼装备的通用材料。,-1,-1
73001,雷霆马鞍,6,1,5,1,999,1,1,1,96,5,-1,-1,-1,15,73001,李逵、晁盖、呼延灼、雷横、鲁智深、穆弘、幻舞李师师、千御杨志、高俅、主角等战马的淬炼材料，以雷霆为纹饰，象征着力量。,-1,-1
73002,金玉马鞍,6,1,5,1,999,1,1,1,96,5,-1,-1,-1,15,73002,花荣、柴进、张顺、李俊、西门庆、史进、沸血卢俊义等战马的淬炼材料，镶金嵌玉，华美无匹，象征着财富。,-1,-1
73003,出云马鞍,6,1,5,1,999,1,1,1,96,5,-1,-1,-1,15,73003,吴用、李师师、燕青、阮小二、武大郎、潘金莲、圣手柴进等战马的淬炼材料，以祥云为饰，高贵精美。,-1,-1
73004,疾风马鞍,6,1,5,1,999,1,1,1,96,5,-1,-1,-1,15,73004,林冲、李应、阮小七、张横、徐宁、戴宗、赤焰刘唐等战马的淬炼材料，迅疾如狂风，拥有无以伦比的速度。,-1,-1
73005,狂战马鞍,6,1,5,1,999,1,1,1,96,5,-1,-1,-1,15,73005,关胜、秦明、刘唐、索超、杨雄、石秀、暴走阮小七、魅影潘金莲等战马的淬炼材料，狂暴而善战，透露着铁血气息。,-1,-1
73006,骁勇马鞍,6,1,5,1,999,1,1,1,96,5,-1,-1,-1,15,73006,卢俊义、宋江、公孙胜、武松、阮小五、杨志、血怒林冲等战马的淬炼材料，正直、勇气的象征，最勇敢的战士才能拥有。,-1,-1
73007,青龙秘籍,6,1,5,1,999,1,1,1,96,5,-1,-1,-1,15,73007,关胜、秦明、林冲、索超、徐宁、穆弘、血怒林冲、高俅、主角等兵书的淬炼材料，来历神秘的秘籍。,-1,-1
73008,狼牙秘籍,6,1,5,1,999,1,1,1,96,5,-1,-1,-1,15,73008,卢俊义、李师师、鲁智深、阮小五、阮小二、史进、沸血卢俊义、幻舞李师师等兵书的淬炼材料，来历神秘的秘籍。,-1,-1
73009,紫薇秘籍,6,1,5,1,999,1,1,1,96,5,-1,-1,-1,15,73009,花荣、吴用、柴进、公孙胜、西门庆、潘金莲、圣手柴进、魅影潘金莲等兵书的淬炼材料，来历神秘的秘籍。,-1,-1
73010,影拳秘籍,6,1,5,1,999,1,1,1,96,5,-1,-1,-1,15,73010,宋江、晁盖、燕青、张顺、戴宗、武大郎等兵书的淬炼材料，来历神秘的秘籍。,-1,-1
73011,暗斧秘籍,6,1,5,1,999,1,1,1,96,5,-1,-1,-1,15,73011,李逵、呼延灼、阮小七、李应、张横、石秀、暴走阮小七等兵书的淬炼材料，来历神秘的秘籍。,-1,-1
73012,利刃秘籍,6,1,5,1,999,1,1,1,96,5,-1,-1,-1,15,73012,刘唐、武松、杨志、杨雄、雷横、李俊、赤焰刘唐、千御杨志等兵书的淬炼材料，来历神秘的秘籍。,-1,-1
73013,伏魔日月铲,6,1,5,1,999,1,1,1,96,5,-1,-1,-1,15,73013,精钢打造，以无上佛法加持，持之可降妖伏魔，鲁智深武器淬炼专用。,-1,-1
73014,凤鸣琵琶,6,1,5,1,999,1,1,1,96,5,-1,-1,-1,15,73014,相传琴弦为凤羽所化，弹之如凤清鸣，绕梁不绝，李师师武器淬炼专用。,-1,-1
73015,金玉秋风扇,6,1,5,1,999,1,1,1,96,5,-1,-1,-1,15,73015,此扇镶金嵌玉，华贵无比，为富家子弟所喜爱，柴进武器淬炼专用。,-1,-1
73016,出云雷鸣刀,6,1,5,1,999,1,1,1,96,5,-1,-1,-1,15,73016,舞之声若雷鸣，可慑敌胆，不可多得的宝刀，雷横武器淬炼专用。,-1,-1
73017,金翅虎牙刀,6,1,5,1,999,1,1,1,96,5,-1,-1,-1,15,73017,金翅为纹，锋利如虎牙，削铁如泥，武松武器淬炼专用。,-1,-1
73018,勾魂夺魄枪,6,1,5,1,999,1,1,1,96,5,-1,-1,-1,15,73018,天外陨铁打造，其锋森然，一枪既出，勾魂夺魄，徐宁武器淬炼专用。,-1,-1
73019,秋水雁翎刀,6,1,5,1,999,1,1,1,96,5,-1,-1,-1,15,73019,形似雁翎，寒如秋水，是一把锋利无匹的宝刀，杨雄武器淬炼专用。,-1,-1
73020,紫竹箩筐,6,1,5,1,999,1,1,1,96,5,-1,-1,-1,15,73020,紫竹编成的箩筐，不畏水火，不惧刀枪，武大郎武器淬炼专用。,-1,-1
73021,织锦描金扇,6,1,5,1,999,1,1,1,96,5,-1,-1,-1,15,73021,描金绣锦，华丽富贵，是一把贵重的扇子，潘金莲武器淬炼专用。,-1,-1
73022,逍遥桃花扇,6,1,5,1,999,1,1,1,96,5,-1,-1,-1,15,73022,逍遥一扇，艳若桃花，传闻持之可增加桃花运，西门庆武器淬炼专用。,-1,-1
73023,裂地金蘸斧,6,1,5,1,999,1,1,1,96,5,-1,-1,-1,15,73023,斧身渗入赤金，锋利而又沉重无比，可裂天地，索超武器淬炼专用。,-1,-1
73024,玄铁青龙棍,6,1,5,1,999,1,1,1,96,5,-1,-1,-1,15,73024,玄铁打造，两头饰以青龙，挥舞似青龙翻腾，威猛无敌，史进武器淬炼专用。,-1,-1
73025,御水神木楫,6,1,5,1,999,1,1,1,96,5,-1,-1,-1,15,73025,天山神木打造，坚硬无比，可御流水，阮小二武器淬炼专用。,-1,-1
73026,六合梨花刺,6,1,5,1,999,1,1,1,96,5,-1,-1,-1,15,73026,寒铁打造，寒光幽幽，挥舞如万千梨花绽放，不可抵挡，阮小五武器淬炼专用。,-1,-1
73027,黄金分水刃,6,1,5,1,999,1,1,1,96,5,-1,-1,-1,15,73027,通体黄金打造，匕身渗入天外陨铁，传闻可断流水，是水战中的利器，阮小七武器淬炼专用。,-1,-1
73028,银丝柳叶刀,6,1,5,1,999,1,1,1,96,5,-1,-1,-1,15,73028,形如柳叶，刃薄如纸，银丝环绕，一刀断魂，石秀武器淬炼专用。,-1,-1
73029,金丝龙鳞刀,6,1,5,1,999,1,1,1,96,5,-1,-1,-1,15,73029,金丝缠绕，纹若龙鳞，刀出如神龙怒啸，威不可挡，刘唐武器淬炼专用。,-1,-1
73030,青锋霜华剑,6,1,5,1,999,1,1,1,96,5,-1,-1,-1,15,73030,杨家祖传宝剑，三尺青锋，光若霜华，杨志武器淬炼专用。,-1,-1
73031,龙牙烈焰刀,6,1,5,1,999,1,1,1,96,5,-1,-1,-1,15,73031,齿如龙牙狰狞，刀刃寒光冷冽，挥舞时刀气如熊熊烈焰，穆弘武器淬炼专用。,-1,-1
73032,紫金虬龙棒,6,1,5,1,999,1,1,1,96,5,-1,-1,-1,-1,73032,以紫金混合玄铁打造，两头各缠绕一条虬龙，横扫一切妖魔鬼怪，卢俊义武器淬炼专用。,-1,-1
73033,五虎断魂枪,6,1,5,1,999,1,1,1,96,5,-1,-1,-1,15,73033,枪出如虎扑，枪刺如虎爪，枪扫如虎尾，其锋如虎牙，其声如虎啸，谓之五虎断魂，林冲武器淬炼专用。,-1,-1
73034,神纹烈炎鞭,6,1,5,1,999,1,1,1,96,5,-1,-1,-1,15,73034,玄铁制成的竹节钢鞭，篆刻着玄奥繁复的神纹，挥舞时如烈炎翻腾，势不可挡，呼延灼武器淬炼专用。,-1,-1
73035,九幽摧山斧,6,1,5,1,999,1,1,1,96,5,-1,-1,-1,15,73035,传说中天神用的斧头，九幽寒铁制成，可摧山裂地，李逵武器淬炼专用。,-1,-1
73036,冷月拂尘,6,1,5,1,999,1,1,1,96,5,-1,-1,-1,15,73036,以金蚕所吐银丝制成，柔软坚韧，银光闪闪，如冷月照拂大地，公孙胜武器淬炼专用。,-1,-1
73037,龙纹游子弓,6,1,5,1,999,1,1,1,96,5,-1,-1,-1,15,73037,弓身刻有龙纹，龙筋为弦，射出之箭犹如游子归家，疾不可挡，花荣武器淬炼专用。,-1,-1
73038,玄铁金精,6,1,5,1,999,1,1,1,96,5,-1,-1,-1,15,73038,玄铁之精华，传闻可以打造出神兵仙器，主角武器淬炼专用。,-1,-1
73039,冰魄鸿羽刀,6,1,5,1,999,1,1,1,96,5,-1,-1,-1,15,73039,传闻此刀炼制时渗入九幽冰魄，炼成后散发出的冰寒之气即可伤敌，千御杨志武器淬炼专用。,-1,
73040,鲁智深2,6,1,5,1,999,1,1,1,96,5,-1,-1,-1,15,73040,玄铁之精华，传闻可以打造出神兵仙器，主角武器淬炼专用。,-1,
73041,霜叶红枫扇,6,1,5,1,999,1,1,1,96,5,-1,-1,-1,15,73041,霜叶红枫，赤色如火，是一把名贵无比的扇子，圣手柴进武器淬炼专用。,-1,
73042,陨金螭龙棒,6,1,5,1,999,1,1,1,96,5,-1,-1,-1,15,73042,以陨金炼制棒身，两头刻有龙头，舞之如龙怒吟，沸血卢俊义武器淬炼专用。,-1,
73043,赤血火陨匕,6,1,5,1,999,1,1,1,96,5,-1,-1,-1,15,73043,匕身赤红如血，为天降火陨石打造，可摧金断玉，暴走阮小七武器淬炼专用。,-1,
73044,五彩香云扇,6,1,5,1,999,1,1,1,96,5,-1,-1,-1,15,73044,扇面绘有五彩香云，轻挥即异香扑鼻，勾魂夺魄，魅影潘金莲武器淬炼专用。,-1,
73045,金纹火龙枪,6,1,5,1,999,1,1,1,96,5,-1,-1,-1,15,73045,枪刃刻有神秘金纹，挥舞如火龙吐炎，势不可挡，血怒林冲武器淬炼专用。,-1,
73046,武松2,6,1,5,1,999,1,1,1,96,5,-1,-1,-1,15,73046,玄铁之精华，传闻可以打造出神兵仙器，主角武器淬炼专用。,-1,
73047,冬雷琵琶,6,1,5,1,999,1,1,1,96,5,-1,-1,-1,15,73047,相传为仙人之物，弹之声若冬雷，慑敌心魄，幻舞李师师武器淬炼专用。,-1,
73048,七宝赤铜刀,6,1,5,1,999,1,1,1,96,5,-1,-1,-1,15,73048,赤铜打造，刀身渗入七种神秘金属而得名七宝，锋利无比，赤焰刘唐武器淬炼专用。,-1,
73049,鬼面彩球,6,1,5,1,999,1,1,1,96,5,-1,-1,-1,15,73049,球面图案华丽无比，细看之下有如有一只鬼面，为高俅武器淬炼专用。,-1,
