id,name,actionId,sklTyp,qua,mTarTyp,mRngTyp,mBufID,dmgTyp,cmb,attrType,dmgCoe,dmg,clearBuff,sTarTyp,sRngmTyp,sBufID,sp,skl_cd,ini_cd,addTpy,cCmb,cDmgCoe,staTyp,effId,orgTyp,preTyp,pstTyp,triTyp,triAmn,moster,skin,capTxt,resId
61097,惊雷击,61097,1,1,1,0,-1,1,1,1,1,0,0,-1,-1,-1,-1,-1,-1,-1,3,1.84,2,61997,-1,-1,-1,-1,-1,-1,-1,攻击正面敌人8%（连击率）的概率造成3连击并附加|0xfd6139::地状态|。,61003
61098,闪电击,61098,1,1,1,0,-1,1,1,1,1,0,0,-1,-1,-1,-1,-1,-1,-1,3,1.84,3,61998,-1,-1,-1,-1,-1,-1,-1,攻击正面敌人8%（连击率）的概率造成3连击并附加|0x31a8fa::天状态|。,61001
61099,疾风击,61099,1,1,1,0,-1,1,1,1,1,0,0,-1,-1,-1,-1,-1,-1,-1,6,2,0,61999,-1,-1,-1,-1,-1,-1,-1,攻击正面敌人8%（连击率）的概率造成6连击。,61004
62097,阎罗斩,62097,2,1,1,2,-1,1,3,1,1.12,0,0,-1,-1,-1,20,2,1,-1,-1,-1,-1,-1,-1,-1,-1,-1,-1,-1,-1,随机攻击两名敌人，造成112%的物理伤害。,62097
62098,雷光闪,62098,2,1,1,9,-1,1,4,1,1.06,0,0,-1,-1,-1,40,2,1,1,-1,-1,-1,-1,-1,-1,-1,-1,-1,-1,-1,攻击全体敌人，造成106%的物理伤害并对最低血量单位附加|0xdc66f8::人状态|。,62098
62099,御炎斩,62099,2,1,1,0,-1,1,1,1,2.94,0,0,2,11,10001,20,3,1,-1,-1,-1,-1,-1,-1,-1,-1,-1,-1,-1,-1,攻击正面敌人，造成294%的物理伤害并为自身增加15%的法术防御持续2回合。,62099
63097,烈・天罚,63097,3,1,1,10,-1,1,1,1,0.9,0,0,-1,-1,-1,-1,-1,-1,-1,-1,-1,-1,-1,-1,2,1,-1,-1,-1,-1,追打带有|0xfd6139::地状态|的敌人，造成90%的伤害并附加|0xdc66f8::人状态|。,63003
63098,劫・云动,63098,3,1,1,10,-1,1,1,1,0.9,0,0,-1,-1,-1,-1,-1,-1,-1,-1,-1,-1,-1,-1,1,3,-1,-1,-1,-1,追打带有|0xdc66f8::人状态|的敌人，造成90%的伤害并附加|0x31a8fa::天状态|。,63002
63099,疾・明王,63099,3,1,1,10,-1,1,1,1,0.9,0,0,-1,-1,-1,-1,-1,-1,-1,-1,-1,-1,-1,-1,3,2,-1,-1,-1,-1,追打带有|0x31a8fa::天状态|的敌人，造成90%的伤害并附加|0xfd6139::地状态|。,63001
64097,真武诀Ⅰ,64097,4,1,2,11,10002,0,1,1,0,0,0,-1,-1,-1,-1,-1,-1,-1,-1,-1,-1,-1,1,-1,-1,-1,-1,-1,-1,属性强化：增加英雄300攻击。,64006
64098,真武诀Ⅱ,64098,4,1,2,11,10003,0,1,1,0,0,0,-1,-1,-1,-1,-1,-1,-1,-1,-1,-1,-1,1,-1,-1,-1,-1,-1,-1,属性强化：增加英雄1000攻击。,64007
64099,真武诀Ⅲ,64099,4,1,1,0,10004,0,1,1,0,0,0,-1,-1,-1,-1,-1,-1,-1,-1,-1,-1,-1,1,-1,-1,-1,-1,-1,-1,属性强化：增加英雄3000攻击。,64005
65097,夺命斩,65097,5,1,1,0,-1,1,1,1,1,0,0,-1,-1,-1,-1,-1,-1,-1,-1,-1,-1,-1,-1,-1,-1,2,-1,-1,-1,普攻击杀敌人后进行一次|0x36d94d::额外攻击|，造成100%的物理伤害。,65001
65098,先攻斩,65098,5,1,1,0,-1,1,1,1,0.5,0,0,-1,-1,-1,-1,-1,-1,-1,-1,-1,-1,-1,-1,-1,-1,1,-1,-1,-1,每回合开始前进行一次|0x36d94d::额外攻击|，造成50%的物理伤害。,65001
65099,暴杀阵,65099,5,1,1,0,-1,1,1,1,1,0,0,-1,-1,-1,-1,-1,-1,-1,-1,-1,-1,-1,-1,-1,-1,4,20,-1,-1,当combo数达到20时，进行一次|0x36d94d::额外攻击|，造成100%的物理伤害。,65003
61087,致命扫射,61087,1,1,1,0,-1,1,1,1,1,0,0,-1,-1,-1,-1,-1,-1,-1,3,1.84,1,61987,-1,-1,-1,-1,-1,-1,-1,攻击正面敌人8%（连击率）的概率造成3连击并附加|0xdc66f8::人状态|。,61003
61088,霰弹重击,61088,1,1,1,0,-1,1,1,1,1,0,0,-1,-1,-1,-1,-1,-1,-1,3,1.84,2,61988,-1,-1,-1,-1,-1,-1,-1,攻击正面敌人8%（连击率）的概率造成3连击并附加|0xfd6139::地状态|。,61001
61089,精准连射,61089,1,1,1,0,-1,1,1,1,1,0,0,-1,-1,-1,-1,-1,-1,-1,6,2,0,61989,-1,-1,-1,-1,-1,-1,-1,攻击正面敌人8%（连击率）的概率造成6连击。,61004
62087,枪林弹雨,62087,2,1,1,6,10005,1,4,1,1.11,0,0,-1,-1,-1,20,2,1,-1,-1,-1,-1,-1,-1,-1,-1,-1,-1,-1,-1,攻击竖排敌人并造成111%的法术伤害，并对血量最低单位附加|0x36d94d::中毒|效果，持续2回合。,62097
62088,榴弹轰杀,62088,2,1,1,9,-1,1,1,1,1.06,0,0,-1,-1,-1,40,2,1,3,-1,-1,-1,-1,-1,-1,-1,-1,-1,-1,-1,攻击全体敌人，造成106%的法术伤害并对最低血量单位附加|0x31a8fa::天状态|。,62098
62089,舍生取义,62089,2,1,2,9,-1,2,1,1,0.72,500,0,2,11,10006,40,2,1,-1,-1,-1,-1,-1,-1,-1,-1,-1,-1,-1,-1,治疗全体队员72%自身攻击的气血，并降低自身5%的防御持续1回合。,62099
63087,烈・天罚,63087,3,1,1,10,-1,1,1,1,0.9,0,0,-1,-1,-1,-1,-1,-1,-1,-1,-1,-1,-1,-1,2,1,-1,-1,-1,-1,追打带有|0xfd6139::地状态|的敌人，造成90%的伤害并附加|0xdc66f8::人状态|。,63003
63088,劫・云动,63088,3,1,1,10,-1,1,1,1,0.9,0,0,-1,-1,-1,-1,-1,-1,-1,-1,-1,-1,-1,-1,1,3,-1,-1,-1,-1,追打带有|0xdc66f8::人状态|的敌人，造成90%的伤害并附加|0x31a8fa::天状态|。,63002
63089,疾・明王,63089,3,1,1,10,-1,1,1,1,0.9,0,0,-1,-1,-1,-1,-1,-1,-1,-1,-1,-1,-1,-1,3,2,-1,-1,-1,-1,追打带有|0x31a8fa::天状态|的敌人，造成90%的伤害并附加|0xfd6139::地状态|。,63001
64087,真武诀Ⅰ,64087,4,1,1,0,10007,0,0,1,0,0,0,-1,-1,-1,-1,-1,-1,-1,-1,-1,-1,-1,1,-1,-1,-1,-1,-1,-1,属性强化：增加英雄300攻击。,64006
64088,真武诀Ⅱ,64088,4,1,1,0,10008,0,0,1,0,0,0,-1,-1,-1,-1,-1,-1,-1,-1,-1,-1,-1,1,-1,-1,-1,-1,-1,-1,属性强化：增加英雄1000攻击。,64007
64089,真武诀Ⅲ,64089,4,1,1,0,10009,0,0,1,0,0,0,-1,-1,-1,-1,-1,-1,-1,-1,-1,-1,-1,1,-1,-1,-1,-1,-1,-1,属性强化：增加英雄3000攻击。,64005
65087,御魔阵,65087,5,1,2,9,10010,0,1,1,0,0,0,-1,-1,-1,-1,-1,-1,-1,-1,-1,-1,-1,-1,-1,-1,3,-1,-1,-1,战斗开始前增加所有队友15%的法术防御持续1回合。,65001
65088,杀神诀,65088,5,1,1,1,10011,0,1,1,0,0,0,-1,-1,-1,-1,-1,-1,-1,-1,-1,-1,-1,-1,-1,-1,3,-1,-1,-1,进入战场时随机使单个敌人|0x36d94d::中毒效果|，持续2回合。,65001
65089,暴杀阵,65089,5,1,1,0,-1,1,1,1,1,0,0,-1,-1,-1,-1,-1,-1,-1,-1,-1,-1,-1,-1,-1,-1,4,20,-1,-1,当combo数达到20时，进行一次|0x36d94d::额外攻击|，造成100%的法术伤害。,65003
61001,惊雷击,61001,1,1,1,0,-1,1,1,1,1,0,0,-1,-1,-1,-1,-1,-1,-1,6,2,3,61901,-1,-1,-1,-1,-1,-1,-1,攻击正面敌人5%（连击率）的概率触发6连击并附加|0x31a8fa::天状态|。,61003
62001,龙象击,62001,2,1,1,5,-1,1,4,1,0.71,0,0,-1,-1,-1,20,2,0,2,-1,-1,-1,-1,-1,-1,2,-1,-1,-1,-1,攻击前排敌人并造成71%的物理伤害，并附加|0xfd6139::地状态|。,62001
62101,真・龙象击,62001,2,1,1,5,-1,1,4,1,0.89,0,0,2,11,10121,20,2,0,2,-1,-1,-1,-1,-1,-1,2,-1,-1,-1,-1,攻击前排敌人并造成89%的物理伤害，附加|0xfd6139::地状态|同时自身增加恢复效果持续2回合。,62001
62201,龙象击Ⅲ,62001,2,1,1,5,-1,1,4,1,0.89,0,0,-1,-1,-1,20,2,0,2,-1,-1,-1,-1,-1,-1,2,-1,-1,-1,-1,攻击前排敌人并造成89%的物理伤害，并附加|0xfd6139::地状态|。,62001
63001,劫・云动,63001,3,1,1,10,-1,1,1,1,0.9,0,0,-1,-1,-1,-1,-1,-1,-1,-1,-1,-1,-1,-1,2,2,-1,-1,-1,-1,追打带有|0xfd6139::地状态|的敌人，造成90%的伤害并附加|0xfd6139::地状态|。,63002
64001,真武诀Ⅰ,64001,4,1,1,0,10141,0,0,1,0,0,0,-1,-1,-1,-1,-1,-1,-1,-1,-1,-1,-1,1,-1,-1,-1,-1,-1,-1,属性强化：增加英雄320攻击（下级增加1250)。,64003
64101,真武诀Ⅱ,0,4,0,0,0,0,0,0,0,0,0,0,0,0,0,-1,-1,-1,0,0,0,0,0,0,0,0,0,0,0,0,属性强化：增加英雄1250攻击（下级增加3750)。,64003
64201,真武诀Ⅲ,0,4,0,0,0,0,0,0,0,0,0,0,0,0,0,-1,-1,-1,0,0,0,0,0,0,0,0,0,0,0,0,属性强化：增加英雄3750攻击。,64003
65001,天武阵,65001,5,1,2,5,10151,0,1,1,0,0,0,-1,-1,-1,-1,-1,-1,-1,-1,-1,-1,-1,-1,-1,-1,3,-1,-1,-1,进入战场时前排获得|0x36d94d::霸体|效果（被追打伤害为1），持续1回合。,65002
61002,闪电击,61002,1,1,1,0,-1,1,1,1,1,0,0,-1,-1,-1,-1,-1,-1,-1,2,2,0,61902,-1,-1,-1,-1,-1,-1,-1,攻击正面敌人5%（连击率）的概率触发2连击。,61004
62002,九龙吟,62002,2,1,1,0,10221,1,4,1,1.4,0,0,-1,-1,-1,20,2,1,-1,-1,-1,-1,-1,-1,-1,-1,-1,-1,-1,-1,攻击正面敌人造成140%的物理伤害并且有26%的概率|0x36d94d::晕眩|目标1回合。,62002
62102,真・九龙吟,62002,2,1,1,0,10222,1,4,1,1.6,0,0,-1,-1,-1,20,2,1,-1,-1,-1,-1,-1,-1,-1,-1,-1,-1,-1,-1,攻击正面敌人造成160%的物理伤害并且有42%的概率|0x36d94d::晕眩|目标1回合。,62002
62202,九龙吟Ⅲ,62002,2,1,1,0,10222,1,4,1,1.81,0,0,-1,-1,-1,20,2,1,-1,-1,-1,-1,-1,-1,-1,-1,-1,-1,-1,-1,攻击正面敌人造成181%的物理伤害并且有42%的概率|0x36d94d::晕眩|目标1回合。,62002
63002,劫・明王,63002,3,1,1,10,-1,1,1,1,0.9,0,0,-1,-1,-1,-1,-1,-1,-1,-1,-1,-1,-1,-1,3,1,-1,-1,-1,-1,追打带有|0x31a8fa::天状态|的敌人，造成90%的伤害并附加|0xdc66f8::人状态|。,63002
64002,真武诀Ⅰ,64002,4,1,2,11,10241,0,0,1,0,0,0,-1,-1,-1,-1,-1,-1,-1,-1,-1,-1,-1,1,-1,-1,-1,-1,-1,-1,属性强化：增加英雄250攻击（下级增加990)。,64002
64102,真武诀Ⅱ,0,4,0,0,0,0,0,0,0,0,0,0,0,0,0,-1,-1,-1,0,0,0,0,0,0,0,0,0,0,0,0,属性强化：增加英雄990攻击（下级增加2950)。,64002
64202,真武诀Ⅲ,0,4,0,0,0,0,0,0,0,0,0,0,0,0,0,-1,-1,-1,0,0,0,0,0,0,0,0,0,0,0,0,属性强化：增加英雄2950攻击。,64002
65002,嗜血阵,65002,5,1,2,20,10251,0,1,1,0,0,0,-1,-1,-1,-1,-1,-1,-1,-1,-1,-1,-1,-1,-1,-1,3,-1,-1,-1,进入战斗增加所有攻击型队员10%的攻击力，持续2回合。,65002
61003,闪电击,61003,1,1,1,0,-1,1,1,1,1,0,0,-1,-1,-1,-1,-1,-1,-1,3,2,0,61903,-1,-1,-1,-1,-1,-1,-1,攻击正面敌人且有5%（连击率）的概率触发3连击。,61001
62003,麒麟火,62003,2,1,1,0,10322,1,3,1,2.37,0,0,-1,-1,-1,30,3,1,-1,-1,-1,-1,-1,-1,-1,-1,-1,-1,-1,-1,攻击正面敌人造成237%的物理伤害并且降低目标10%的物理防御持续1回合。,62003
62103,真・麒麟火,62003,2,1,1,0,10322,1,3,1,2.99,0,0,2,11,10323,30,3,1,-1,-1,-1,-1,-1,-1,-1,-1,-1,-1,-1,-1,攻击正面敌人造成299%的物理伤害并且降低目标10%的物理伤害，同时提升自身5%的攻击持续2回合。,62003
62203,麒麟火Ⅲ,62003,2,1,1,0,-1,1,3,1,3.09,0,0,2,11,10321,30,3,1,-1,-1,-1,-1,-1,-1,-1,-1,-1,-1,-1,-1,攻击正面敌人造成309%的物理伤害并且提升自身38%的暴击持续2回合。,62003
63003,烈・明王,63003,3,1,1,10,-1,1,1,1,0.9,0,0,-1,-1,-1,-1,-1,-1,-1,-1,-1,-1,-1,-1,2,2,-1,-1,-1,-1,追打带有|0xfd6139::地状态|的敌人，造成90%的伤害并附加|0xfd6139::地状态|。,63003
64003,真武诀Ⅰ,64003,4,1,1,0,10341,0,0,1,0,0,0,-1,-1,-1,-1,-1,-1,-1,-1,-1,-1,-1,1,-1,-1,-1,-1,-1,-1,属性强化：增加英雄360攻击（下级增加1440)。,64003
64103,真武诀Ⅱ,0,4,0,0,0,0,0,0,0,0,0,0,0,0,0,-1,-1,-1,0,0,0,0,0,0,0,0,0,0,0,0,属性强化：增加英雄1440攻击（下级增加4310)。,64003
64203,真武诀Ⅲ,0,4,0,0,0,0,0,0,0,0,0,0,0,0,0,-1,-1,-1,0,0,0,0,0,0,0,0,0,0,0,0,属性强化：增加英雄4310攻击。,64003
65003,嗜血追,65003,5,1,2,9,10351,0,1,1,0,0,0,-1,-1,-1,-1,-1,-1,-1,-1,-1,-1,-1,-1,-1,-1,3,-1,-1,-1,进入战斗增加所有队员6%的伤害，持续2回合。,65001
61004,闪电击,61004,1,1,1,0,-1,1,1,1,1,0,0,-1,-1,-1,-1,-1,-1,-1,6,2,0,61904,-1,-1,-1,-1,-1,-1,-1,攻击正面敌人且有8%（连击率）的概率触发6连击。,61003
62004,霸王斩,62004,2,1,1,13,-1,1,3,1,1.48,0,0,-1,-1,-1,20,3,1,-1,-1,-1,-1,-1,-1,-1,-1,-1,-1,-1,-1,攻击后排敌人造成148%的物理伤害。,62004
62104,真・霸王斩,62004,2,1,1,13,10421,1,3,1,1.85,0,0,-1,-1,-1,20,3,1,-1,-1,-1,-1,-1,-1,-1,-1,-1,-1,-1,-1,攻击后排敌人造成185%的物理伤害并且有17%的概率晕眩目标1回合。,62004
62204,霸王斩Ⅲ,62004,2,1,1,5,10421,1,3,1,1.85,0,0,-1,-1,-1,20,3,1,-1,-1,-1,-1,-1,-1,-1,-1,-1,-1,-1,-1,攻击后排敌人造成185%的物理伤害并且有17%的概率晕眩目标1回合。,62004
63004,劫・云动,63004,3,1,1,10,-1,1,1,1,0.9,0,0,-1,-1,-1,-1,-1,-1,-1,-1,-1,-1,-1,-1,1,3,-1,-1,-1,-1,追打带有|0xdc66f8::人状态|的敌人，造成90%的伤害并附加|0x31a8fa::天状态|。,63002
64004,真武诀Ⅰ,64004,4,1,1,0,10441,0,0,1,0,0,0,-1,-1,-1,-1,-1,-1,-1,-1,-1,-1,-1,1,-1,-1,-1,-1,-1,-1,属性强化：增加英雄340攻击（下级增加1350)。,64003
64104,真武诀Ⅱ,0,4,0,0,0,0,0,0,0,0,0,0,0,0,0,-1,-1,-1,0,0,0,0,0,0,0,0,0,0,0,0,属性强化：增加英雄1350攻击（下级增加4040)。,64003
64204,真武诀Ⅲ,0,4,0,0,0,0,0,0,0,0,0,0,0,0,0,-1,-1,-1,0,0,0,0,0,0,0,0,0,0,0,0,属性强化：增加英雄4040攻击。,64003
65004,先攻斩,65004,5,1,1,0,-1,1,1,1,1,0,0,-1,-1,-1,-1,-1,-1,-1,-1,-1,-1,-1,-1,-1,-1,5,-1,-1,-1,普攻前进行一次|0x36d94d::额外攻击| ，并造成100%的普攻伤害。,65001
61005,惊雷击,61005,1,1,1,0,-1,1,1,1,1,0,0,-1,-1,-1,-1,-1,-1,-1,4,1.84,2,61905,-1,-1,-1,-1,-1,-1,-1,攻击正面敌人且有8%（连击率）的概率触发4连击并附加|0xfd6139::地状态|。,61002
62005,双鞭斩,62005,2,1,1,0,-1,1,2,1,1.18,0,0,-1,-1,-1,20,2,0,3,-1,-1,-1,-1,-1,-1,-1,-1,-1,-1,-1,攻击正面敌人造成118%的物理伤害，并附加|0x31a8fa::天状态|。,62005
62105,真・双鞭斩,62005,2,1,1,0,10521,1,2,1,1.48,0,0,-1,-1,-1,20,2,0,3,-1,-1,-1,-1,-1,-1,-1,-1,-1,-1,-1,攻击正面敌人造成148%的物理伤害，降低敌方5%的防御并附加|0x31a8fa::天状态|。,62005
62205,双鞭斩Ⅲ,62005,2,1,1,0,-1,1,2,1,1.48,0,0,-1,-1,-1,20,2,0,3,-1,-1,-1,-1,-1,-1,-1,-1,-1,-1,-1,攻击正面敌人造成148%的物理伤害，并附加|0x31a8fa::天状态|。,62005
63005,疾・明王,63005,3,1,1,10,-1,1,1,1,0.9,0,0,-1,-1,-1,-1,-1,-1,-1,-1,-1,-1,-1,-1,3,2,-1,-1,-1,-1,追打带有|0x31a8fa::天状态|的敌人，造成90%的伤害并附加|0xfd6139::地状态|。,63002
64005,真武诀Ⅰ,64005,4,1,1,0,10541,0,1,1,0,0,0,-1,-1,-1,-1,-1,-1,-1,-1,-1,-1,-1,1,-1,-1,-1,-1,-1,-1,属性强化：增加英雄330攻击（下级增加1320)。,64002
64105,真武诀Ⅱ,0,4,0,0,0,0,0,0,0,0,0,0,0,0,0,-1,-1,-1,0,0,0,0,0,0,0,0,0,0,0,0,属性强化：增加英雄1320攻击（下级增加3960)。,64002
64205,真武诀Ⅲ,0,4,0,0,0,0,0,0,0,0,0,0,0,0,0,-1,-1,-1,0,0,0,0,0,0,0,0,0,0,0,0,属性强化：增加英雄3960攻击。,64002
65005,金钟罩,65005,5,1,2,7,10552,0,1,1,0,0,0,-1,-1,-1,-1,-1,-1,-1,-1,-1,-1,-1,-1,-1,-1,1,-1,-1,-1,回合开始前给友方血量最低单位增加50%伤害减免，持续1回合。,65001
61006,闪电击,61006,1,1,1,0,-1,1,1,1,1,0,0,-1,-1,-1,-1,-1,-1,-1,3,1.84,0,61906,-1,-1,-1,-1,-1,-1,-1,攻击正面敌人且有8%（连击率）的概率触发3连击。,61001
62006,嗜血杀,62006,2,1,1,6,-1,1,3,1,0.98,0,0,2,9,10621,20,3,1,-1,-1,-1,-1,-1,-1,-1,-1,-1,-1,-1,-1,攻击竖排敌人并造成98%的物理伤害，并且增加所有队员30%的暴击率持续1回合。,62006
62106,真・嗜血杀,62006,2,1,1,6,-1,1,3,1,1.17,0,0,2,9,10622,20,3,1,-1,-1,-1,-1,-1,-1,-1,-1,-1,-1,-1,-1,攻击竖排敌人并造成117%的物理伤害，并且增加所有队员30%的暴击率持续2回合。,62006
62206,嗜血杀Ⅲ,62006,2,1,1,6,-1,1,3,1,1.27,0,0,2,9,-1,20,3,1,-1,-1,-1,-1,-1,-1,-1,-1,-1,-1,-1,-1,攻击竖排敌人并造成127%的物理伤害。,62006
63006,疾・明王,63006,3,1,1,10,-1,1,1,1,0.9,0,0,-1,-1,-1,-1,-1,-1,-1,-1,-1,-1,-1,-1,3,2,-1,-1,-1,-1,追打带有|0x31a8fa::天状态|的敌人，造成90%的伤害并附加|0xfd6139::地状态|。,63001
64006,真武诀Ⅰ,64006,4,1,2,11,10641,0,1,1,0,0,0,-1,-1,-1,-1,-1,-1,-1,-1,-1,-1,-1,1,-1,-1,-1,-1,-1,-1,属性强化：增加英雄310攻击（下级增加1240)。,64008
64106,真武诀Ⅱ,0,4,0,0,0,0,0,0,0,0,0,0,0,0,0,-1,-1,-1,0,0,0,0,0,0,0,0,0,0,0,0,属性强化：增加英雄1240攻击（下级增加3700)。,64008
64206,真武诀Ⅲ,0,4,0,0,0,0,0,0,0,0,0,0,0,0,0,-1,-1,-1,0,0,0,0,0,0,0,0,0,0,0,0,属性强化：增加英雄3700攻击。,64008
65006,战神诀,65006,5,1,2,13,10651,0,1,1,0,0,0,-1,-1,-1,-1,-1,-1,-1,-1,-1,-1,-1,-1,-1,-1,3,-1,-1,-1,进入战斗增加后排队员12%的攻击力，持续2回合。,65001
61007,惊雷击,61007,1,1,1,0,-1,1,1,1,1,0,0,-1,-1,-1,-1,-1,-1,-1,3,1.84,1,61907,-1,-1,-1,-1,-1,-1,-1,攻击正面敌人且有8%（连击率）的概率触发3连击并附加|0xdc66f8::人状态|。,61003
62007,鬼神斩,62007,2,1,1,0,-1,1,2,1,1.18,0,0,-1,-1,-1,20,2,0,1,-1,-1,-1,-1,-1,-1,-1,-1,-1,-1,-1,攻击正面敌人造成118%的物理伤害，并附加|0xdc66f8::人状态|。,62007
62107,真・鬼神斩,62007,2,1,1,0,10721,1,2,1,1.48,0,0,-1,-1,-1,20,2,0,1,-1,-1,-1,-1,-1,-1,-1,-1,-1,-1,-1,攻击正面敌人造成148%的物理伤害，造成 |0x36d94d::流血效果|（不可治疗）并附加|0xdc66f8::人状态|。,62007
62207,鬼神斩Ⅲ,62007,2,1,1,0,-1,1,2,1,1.48,0,0,-1,-1,-1,20,2,0,1,-1,-1,-1,-1,-1,-1,-1,-1,-1,-1,-1,攻击正面敌人造成148%的物理伤害，并附加|0xdc66f8::人状态|。,62007
63007,劫・天罚,63007,3,1,1,10,-1,1,1,1,0.9,0,0,-1,-1,-1,-1,-1,-1,-1,-1,-1,-1,-1,-1,1,1,-1,-1,-1,-1,追打带有|0xdc66f8::人状态|的敌人，造成90%的伤害并附加|0xdc66f8::人状态|。,63002
64007,真武诀Ⅰ,64007,4,1,2,11,10741,0,1,1,0,0,0,-1,-1,-1,-1,-1,-1,-1,-1,-1,-1,-1,1,-1,-1,-1,-1,-1,-1,属性强化：增加英雄320攻击（下级增加1280)。,64008
64107,真武诀Ⅱ,0,4,0,0,0,0,0,0,0,0,0,0,0,0,0,-1,-1,-1,0,0,0,0,0,0,0,0,0,0,0,0,属性强化：增加英雄1280攻击（下级增加3820)。,64008
64207,真武诀Ⅲ,0,4,0,0,0,0,0,0,0,0,0,0,0,0,0,-1,-1,-1,0,0,0,0,0,0,0,0,0,0,0,0,属性强化：增加英雄3820攻击。,64008
65007,屠神诀,65007,5,1,2,19,10751,0,1,1,0,0,0,-1,-1,-1,-1,-1,-1,-1,-1,-1,-1,-1,-1,-1,-1,3,-1,-1,-1,进入战场时给友方先手型队员增加15%的攻击。,65002
61008,惊雷击,61008,1,1,1,0,-1,1,1,1,1,0,0,-1,-1,-1,-1,-1,-1,-1,5,1.75,3,61908,-1,-1,-1,-1,-1,-1,-1,攻击正面敌人且有10%（连击率）的概率触发5连击并附加|0x31a8fa::天状态|。,61001
62008,夺命旋,62008,2,1,1,5,-1,1,4,1,1.05,0,0,2,11,10821,20,3,0,-1,-1,-1,-1,-1,-1,-1,-1,-1,-1,-1,-1,攻击前排敌人并造成105%的物理伤害同时自身增加10%的伤害减免，持续1回合。,62008
62108,真・夺命旋,62008,2,1,1,5,-1,1,4,1,1.32,0,0,2,11,10822,20,3,0,-1,-1,-1,-1,-1,-1,-1,-1,-1,-1,-1,-1,攻击前排敌人并造成132%的物理伤害同时自身增加|0x36d94d::无敌效果|持续1回合。,62008
62208,震天吼Ⅲ,62008,2,1,1,5,-1,1,4,1,0.58,0,0,2,11,10822,20,3,0,-1,-1,-1,-1,-1,-1,-1,-1,-1,-1,-1,-1,攻击全体敌人并造成58%的物理伤害同时自身增加|0x36d94d::无敌效果|持续1回合。,62008
63008,疾・明王,63008,3,1,1,10,-1,1,1,1,0.9,0,0,-1,-1,-1,-1,-1,-1,-1,-1,-1,-1,-1,-1,3,2,-1,-1,-1,-1,追打带有|0x31a8fa::天状态|的敌人，造成90%的普攻伤害，并附加|0xfd6139::地状态|。,63002
64008,金刚诀Ⅰ,64008,4,1,1,0,10841,0,1,1,0,0,0,-1,-1,-1,-1,-1,-1,-1,-1,-1,-1,-1,2,-1,-1,-1,-1,-1,-1,属性强化：增加英雄4300血量（下级增加17100)。,64003
64108,金刚诀Ⅱ,0,4,0,0,0,0,0,0,0,0,0,0,0,0,0,-1,-1,-1,0,0,0,0,0,0,0,0,0,0,0,0,属性强化：增加英雄17100血量（下级增加51100)。,64003
64208,金刚诀Ⅲ,0,4,0,0,0,0,0,0,0,0,0,0,0,0,0,-1,-1,-1,0,0,0,0,0,0,0,0,0,0,0,0,属性强化：增加英雄51100血量。,64003
65008,先天诀,65008,5,1,2,9,10851,0,1,1,0,0,0,-1,-1,-1,-1,-1,-1,-1,-1,-1,-1,-1,-1,-1,-1,3,-1,-1,-1,进入战斗增加所有队员8%的防御，持续3回合。,65002
61009,弱点击,61009,1,1,1,7,-1,1,1,1,1,0,0,-1,-1,-1,-1,-1,-1,-1,4,2,0,61909,-1,-1,-1,-1,-1,-1,-1,攻击血量最低敌人且有5%（连击率）的概率触发4连击。,61002
62009,阎罗刺,62009,2,1,1,7,10921,1,3,1,1.6,0,0,-1,-1,-1,20,2,1,-1,-1,-1,-1,-1,-1,-1,-1,-1,-1,-1,-1,攻击血量最低敌人造成160%的物理伤害，10%的概率触发 |0x36d94d::流血效果|（不可治疗）持续1回合。,62009
62109,真・阎罗刺,62009,2,1,1,7,10922,1,3,1,2.01,0,0,-1,-1,-1,20,2,1,-1,-1,-1,-1,-1,-1,-1,-1,-1,-1,-1,-1,攻击血量最低敌人造成201%的物理伤害，100%的概率触发 |0x36d94d::流血效果|（不可治疗）持续1回合。,62009
62209,阎罗刺Ⅲ,62009,2,1,1,0,10921,1,3,1,2.01,0,0,-1,-1,-1,20,2,1,-1,-1,-1,-1,-1,-1,-1,-1,-1,-1,-1,-1,攻击正面敌人造成201%的物理伤害，并且 |0x36d94d::沉默|敌人1回合。,62009
63009,劫・天罚,63009,3,1,1,10,-1,1,1,1,0.9,0,0,-1,-1,-1,-1,-1,-1,-1,-1,-1,-1,-1,-1,1,1,-1,-1,-1,-1,追打带有|0xdc66f8::人状态|的敌人，造成90%的伤害并附加|0xdc66f8::人状态|。,63002
64009,真武诀Ⅰ,64009,4,1,1,0,10941,0,1,1,0,0,0,-1,-1,-1,-1,-1,-1,-1,-1,-1,-1,-1,1,-1,-1,-1,-1,-1,-1,属性强化：增加英雄310攻击（下级增加1210)。,64006
64109,真武诀Ⅱ,0,4,0,0,0,0,0,0,0,0,0,0,0,0,0,-1,-1,-1,0,0,0,0,0,0,0,0,0,0,0,0,属性强化：增加英雄1210攻击（下级增加3630)。,64006
64209,真武诀Ⅲ,0,4,0,0,0,0,0,0,0,0,0,0,0,0,0,-1,-1,-1,0,0,0,0,0,0,0,0,0,0,0,0,属性强化：增加英雄3630攻击。,64006
65009,暴杀阵,65009,5,1,1,0,-1,1,1,1,1,0,0,-1,-1,-1,-1,-1,-1,-1,-1,-1,-1,-1,-1,-1,-1,5,-1,-1,-1,普攻击前，触发一次|0x36d94d::额外攻击| ，造成100%的物理伤害。,65003
61010,惊雷击,61010,1,1,1,0,-1,1,1,1,1,0,0,-1,-1,-1,-1,-1,-1,-1,3,1.75,2,61910,-1,-1,-1,-1,-1,-1,-1,攻击正面敌人且有10%（连击率）的概率触发3连击并附加|0xfd6139::地状态|。,61004
62010,裂地斩,62010,2,1,1,9,-1,1,1,1,0.5,0,0,2,11,11021,20,3,0,-1,-1,-1,-1,-1,-1,-1,-1,-1,-1,-1,-1,攻击全体敌人并造成56%的物理伤害同时自身增加魔法免疫效果持续1回合。,62010
62110,真・裂地斩,62010,2,1,1,9,-1,1,1,1,0.64,0,0,2,5,11021,20,3,0,-1,-1,-1,-1,-1,-1,-1,-1,-1,-1,-1,-1,攻击全体敌人并造成64%的物理伤害同时给前排增加魔法免疫效果持续1回合。,62010
62210,裂地斩Ⅲ,62010,2,1,1,9,-1,1,1,1,0.64,0,0,2,5,11021,20,3,0,-1,-1,-1,-1,-1,-1,-1,-1,-1,-1,-1,-1,攻击全体敌人并造成64%的物理伤害同时给前排增加魔法免疫效果持续1回合。,62010
63010,烈・天罚,63010,3,1,1,10,-1,1,1,1,0.9,0,0,-1,-1,-1,-1,-1,-1,-1,-1,-1,-1,-1,-1,2,1,-1,-1,-1,-1,追打带有|0xfd6139::地状态|的敌人，造成90%的伤害并附加|0xdc66f8::人状态|。,63003
64010,金刚诀Ⅰ,64010,4,1,1,0,11041,0,1,1,0,0,0,-1,-1,-1,-1,-1,-1,-1,-1,-1,-1,-1,1,-1,-1,-1,-1,-1,-1,属性强化：增加英雄3700血量（下级增加14800)。,64003
64110,金刚诀Ⅱ,0,4,0,0,0,0,0,0,0,0,0,0,0,0,0,-1,-1,-1,0,0,0,0,0,0,0,0,0,0,0,0,属性强化：增加英雄14800血量（下级增加44300)。,64003
64210,金刚诀Ⅲ,0,4,0,0,0,0,0,0,0,0,0,0,0,0,0,-1,-1,-1,0,0,0,0,0,0,0,0,0,0,0,0,属性强化：增加英雄44300血量。,64003
65010,神罗阵,65010,5,1,2,21,11051,0,1,1,0,0,0,-1,-1,-1,-1,-1,-1,-1,-1,-1,-1,-1,-1,-1,-1,3,-1,-1,-1,进入战斗增加防御型队员800的防御持续2回合。,65002
61011,疾风击,61011,1,1,1,0,-1,1,1,1,1,0,0,-1,-1,-1,-1,-1,-1,-1,3,2,0,61911,-1,-1,-1,-1,-1,-1,-1,攻击正面敌人且有5%（连击率）的概率触发3连击。,61003
62011,幻影杀,62011,2,1,1,1,-1,1,1,1,1.64,0,0,-1,-1,-1,20,2,1,-1,-1,-1,-1,-1,-1,-1,-1,-1,-1,-1,-1,随机攻击单个敌人造成164%的物理伤害。,62011
62111,真・幻影杀,62011,2,1,1,1,11121,1,1,1,1.78,0,0,-1,-1,-1,20,2,1,-1,-1,-1,-1,-1,-1,-1,-1,-1,-1,-1,-1,随机攻击单个敌人造成178%的物理伤害，并使得目标本回合额外流失5%的气血（不可治疗）。,62011
62211,幻影杀Ⅲ,62011,2,1,1,1,11121,1,1,1,1.99,0,0,-1,-1,-1,20,2,1,-1,-1,-1,-1,-1,-1,-1,-1,-1,-1,-1,-1,随机攻击单个敌人造成199%的物理伤害，并使得目标本回合额外流失5%的气血（不可治疗）。,62011
63011,烈・云动,63011,3,1,1,0,-1,1,1,1,0.9,0,0,-1,-1,-1,-1,-1,-1,-1,-1,-1,-1,-1,-1,2,3,-1,-1,-1,-1,追打带有|0xfd6139::地状态|的敌人，造成90%的伤害并附加|0x31a8fa::天状态|。,63003
64011,真武诀Ⅰ,64011,4,1,1,0,11141,0,1,1,0,0,0,-1,-1,-1,-1,-1,-1,-1,-1,-1,-1,-1,1,-1,-1,-1,-1,-1,-1,属性强化：增加英雄190攻击（下级增加760)。,64007
64111,真武诀Ⅱ,0,4,0,0,0,0,0,0,0,0,0,0,0,0,0,-1,-1,-1,0,0,0,0,0,0,0,0,0,0,0,0,属性强化：增加英雄760攻击（下级增加2270)。,64007
64211,真武诀Ⅲ,0,4,0,0,0,0,0,0,0,0,0,0,0,0,0,-1,-1,-1,0,0,0,0,0,0,0,0,0,0,0,0,属性强化：增加英雄2270攻击。,64007
65011,暴杀阵,65011,5,1,1,0,-1,1,1,1,1,0,0,-1,-1,-1,-1,-1,-1,-1,-1,-1,-1,-1,-1,-1,-1,4,20,-1,-1,comb20触发，随机攻击单个敌人造成100%的普攻伤害。,65001
61013,疾风击,61013,1,1,1,0,-1,1,1,1,1,0,0,-1,-1,-1,-1,-1,-1,-1,4,2,0,61913,-1,-1,-1,-1,-1,-1,-1,攻击正面敌人且有5%（连击率）的概率触发4连击。,61003
62013,神龙破,62013,2,1,1,3,11321,1,1,1,0.86,0,0,-1,-1,-1,20,3,1,-1,-1,-1,-1,-1,-1,-1,-1,-1,-1,-1,-1,随机攻击3个敌人造成86%的法术伤害，且有36%的概率晕眩敌人1回合。,62013
62113,真・神龙破,62013,2,1,1,9,11321,1,1,1,0.95,0,0,-1,-1,-1,20,3,1,-1,-1,-1,-1,-1,-1,-1,-1,-1,-1,-1,-1,攻击所有敌人造成95%的法术伤害，且有36%的概率晕眩敌人1回合。,62013
62213,神龙破Ⅲ,62013,2,1,1,9,11321,1,1,1,0.95,0,0,-1,-1,-1,20,3,1,-1,-1,-1,-1,-1,-1,-1,-1,-1,-1,-1,-1,攻击正面敌人造成95%的法术伤害，且有13%的概率晕眩敌人1回合。,62013
63013,疾・明王,63013,3,1,1,10,-1,1,1,1,0.9,0,0,-1,-1,-1,-1,-1,-1,-1,-1,-1,-1,-1,-1,3,2,-1,-1,-1,-1,追打带有|0x31a8fa::天状态|的敌人，造成90%的伤害并附加|0xfd6139::地状态|。,63001
64013,真武诀Ⅰ,64013,4,1,2,11,11341,0,1,1,0,0,0,-1,-1,-1,-1,-1,-1,-1,-1,-1,-1,-1,1,-1,-1,-1,-1,-1,-1,属性强化：增加英雄370攻击（下级增加1470)。,64006
64113,真武诀Ⅱ,0,4,0,0,0,0,0,0,0,0,0,0,0,0,0,-1,-1,-1,0,0,0,0,0,0,0,0,0,0,0,0,属性强化：增加英雄1470攻击（下级增加4390)。,64006
64213,真武诀Ⅲ,0,4,0,0,0,0,0,0,0,0,0,0,0,0,0,-1,-1,-1,0,0,0,0,0,0,0,0,0,0,0,0,属性强化：增加英雄4390攻击。,64006
65013,暴杀阵,65013,5,1,2,9,11351,0,1,1,0,0,0,-1,-1,-1,-1,-1,-1,-1,-1,-1,-1,-1,-1,-1,-1,3,-1,-1,-1,进入战斗增加全体队员7%的攻击力持续2回合。,65001
61014,疾风击,61014,1,1,1,0,-1,1,1,1,1,0,0,-1,-1,-1,-1,-1,-1,-1,3,2,0,61914,-1,-1,-1,-1,-1,-1,-1,攻击正面敌人且有5%（连击率）的概率触发3连击。,61002
62014,骤雨落,62014,2,1,1,9,11421,1,1,1,0.8,0,0,-1,-1,-1,20,3,1,-1,-1,-1,-1,-1,-1,-1,-1,-1,-1,-1,-1,攻击全体敌人造成80%的法术伤害，并且19%的概率沉默目标持续1回合。,62014
62114,真・骤雨落,62014,2,1,1,9,11422,1,1,1,0.96,0,0,-1,-1,-1,20,3,1,-1,-1,-1,-1,-1,-1,-1,-1,-1,-1,-1,-1,攻击全体敌人造成96%的法术伤害，并且38%的概率沉默目标持续1回合。,62014
62214,骤雨落Ⅲ,62014,2,1,1,9,11422,1,1,1,0.96,0,0,-1,-1,-1,20,3,1,-1,-1,-1,-1,-1,-1,-1,-1,-1,-1,-1,-1,攻击全体敌人造成180%的法术伤害，而且增加所有队员队员38%的暴击持续1回合。,62014
63014,疾・明王,63014,3,1,1,0,-1,1,1,1,0.9,0,0,-1,-1,-1,-1,-1,-1,-1,-1,-1,-1,-1,-1,3,2,-1,-1,-1,-1,追打带有|0x31a8fa::天状态|的敌人，造成90%的伤害并附加|0xfd6139::地状态|。,63001
64014,真武诀Ⅰ,64014,4,1,1,0,11441,0,1,1,0,0,0,-1,-1,-1,-1,-1,-1,-1,-1,-1,-1,-1,-1,-1,-1,-1,-1,-1,-1,属性强化：增加英雄360攻击（下级增加1440)。,64003
64114,真武诀Ⅱ,0,4,0,0,0,0,0,0,0,0,0,0,0,0,0,-1,-1,-1,0,0,0,0,0,0,0,0,0,0,0,0,属性强化：增加英雄1440攻击（下级增加4320)。,64003
64214,真武诀Ⅲ,0,4,0,0,0,0,0,0,0,0,0,0,0,0,0,-1,-1,-1,0,0,0,0,0,0,0,0,0,0,0,0,属性强化：增加英雄4320攻击。,64003
65014,狂暴阵,65014,5,1,2,9,11451,0,1,1,0,0,0,-1,-1,-1,-1,-1,-1,-1,-1,-1,-1,-1,-1,-1,-1,3,-1,-1,-1,进入战斗增加己方所有队员13%的暴击率持续2回合。,65003
61015,疾风击,61015,1,1,1,0,-1,1,1,1,1,0,0,-1,-1,-1,-1,-1,-1,-1,6,2,0,61915,-1,-1,-1,-1,-1,-1,-1,攻击正面敌人且有5%（连击率）的概率触发6连击。,61001
62015,天书罚,62015,2,1,1,9,11521,1,3,1,0.76,0,0,-1,-1,-1,30,3,1,-1,-1,-1,-1,-1,-1,-1,-1,-1,-1,-1,-1,攻击全体敌人并造成76%的法术伤害，且对所有敌人附加|0x36d94d::中毒效果|，每回合流失6%的气血，持续2回合。,62015
62115,真・天书罚,62015,2,1,1,9,11521,1,3,1,0.97,0,0,-1,-1,-1,30,3,1,-1,-1,-1,-1,-1,-1,-1,-1,-1,-1,-1,-1,攻击全体敌人并造成97%的法术伤害，且对所有敌人附加|0x36d94d::中毒效果|，每回合流失6%的气血，持续2回合。,62015
62215,天书罚Ⅲ,62015,2,1,1,9,11521,1,3,1,0.97,0,0,-1,-1,-1,30,3,1,-1,-1,-1,-1,-1,-1,-1,-1,-1,-1,-1,-1,攻击全体敌人并造成97%的法术伤害，且对所有敌人附加|0x36d94d::中毒效果|，每回合流失6%的气血，持续2回合。,62015
63015,烈・天罚,63015,3,1,1,10,-1,1,1,1,0.9,0,0,-1,-1,-1,-1,-1,-1,-1,-1,-1,-1,-1,-1,2,1,-1,-1,-1,-1,追打带有|0xfd6139::地状态|的敌人，造成90%的伤害并附加|0xdc66f8::人状态|。,63003
64015,真武诀Ⅰ,64015,4,1,1,0,11541,0,1,1,0,0,0,-1,-1,-1,-1,-1,-1,-1,-1,-1,-1,-1,1,-1,-1,-1,-1,-1,-1,属性强化：增加英雄330攻击（下级增加1310)。,64006
64115,真武诀Ⅱ,0,4,0,0,0,0,0,0,0,0,0,0,0,0,0,-1,-1,-1,0,0,0,0,0,0,0,0,0,0,0,0,属性强化：增加英雄1310攻击（下级增加3910)。,64006
64215,真武诀Ⅲ,0,4,0,0,0,0,0,0,0,0,0,0,0,0,0,-1,-1,-1,0,0,0,0,0,0,0,0,0,0,0,0,属性强化：增加英雄3910攻击。,64006
65015,索命追,65015,5,1,2,24,11551,0,1,1,0,0,0,-1,-1,-1,-1,-1,-1,-1,-1,-1,-1,-1,-1,-1,-1,3,-1,-1,-1,进入战斗增加全体女性队员400的攻击力持续2回合。,65001
61016,惊雷击,61016,1,1,1,0,-1,1,1,1,1,0,0,-1,-1,-1,-1,-1,-1,-1,2,2,1,61916,-1,-1,-1,-1,-1,-1,-1,攻击正面敌人且有5%（连击率）的概率触发2连击并附加|0xdc66f8::人状态|。,61004
62016,蚀魂斩,62016,2,1,1,6,11621,1,1,1,0.93,70,0,-1,-1,-1,20,2,1,-1,-1,-1,-1,-1,-1,-1,-1,-1,-1,-1,-1,攻击竖排敌人并造成93%的法术伤害，并附加 |0x36d94d::中毒效果|且本回合流失8%的气血。,62016
62116,真・蚀魂斩,62016,2,1,1,6,11622,1,1,1,1.15,90,0,-1,-1,-1,20,2,1,-1,-1,-1,-1,-1,-1,-1,-1,-1,-1,-1,-1,攻击竖排敌人并造成115%的法术伤害，并附加 |0x36d94d::中毒效果|且本回合流失10%的气血。,62016
62216,蚀魂斩Ⅲ,62016,2,1,1,6,11622,1,1,1,1.18,100,0,-1,-1,-1,20,2,1,-1,-1,-1,-1,-1,-1,-1,-1,-1,-1,-1,-1,攻击竖排敌人并造成118%的法术伤害，并附加 |0x36d94d::中毒效果|且本回合流失8%的气血。,62016
63016,劫・明王,63016,3,1,1,10,-1,1,1,1,0.9,0,0,-1,-1,-1,-1,-1,-1,-1,-1,-1,-1,-1,-1,1,3,-1,-1,-1,-1,追打带有|0xdc66f8::人状态|的敌人，造成90%的伤害并附加|0x31a8fa::天状态|。,63002
64016,真武诀Ⅰ,64016,4,1,1,0,11641,0,1,1,0,0,0,-1,-1,-1,-1,-1,-1,-1,-1,-1,-1,-1,1,-1,-1,-1,-1,-1,-1,属性强化：增加英雄320攻击（下级增加1280)。,64005
64116,真武诀Ⅱ,0,4,0,0,0,0,0,0,0,0,0,0,0,0,0,-1,-1,-1,0,0,0,0,0,0,0,0,0,0,0,0,属性强化：增加英雄1280攻击（下级增加3840)。,64005
64216,真武诀Ⅲ,0,4,0,0,0,0,0,0,0,0,0,0,0,0,0,-1,-1,-1,0,0,0,0,0,0,0,0,0,0,0,0,属性强化：增加英雄3840攻击。,64005
65016,禁魔阵,65016,5,1,1,24,11651,0,1,1,0,0,0,-1,-1,-1,-1,-1,-1,-1,-1,-1,-1,-1,-1,-1,-1,3,-1,-1,-1,进入战斗时降低所有女性敌人800防御持续2回合。,65002
61017,怒火击,61017,1,1,1,1,-1,1,2,1,1,0,0,-1,-1,-1,-1,-1,-1,-1,3,2,0,61917,-1,-1,-1,-1,-1,-1,-1,随机攻击正面敌人5%（连击率）的概率触发3连击。,61003
62017,金枪刺,62017,2,1,1,6,11721,1,1,1,0.93,0,0,-1,-1,-1,20,3,1,-1,-1,-1,-1,-1,-1,-1,-1,-1,-1,-1,-1,攻击竖排敌人并造成93%的法术伤害，并24%的概率沉默目标，持续2回合。,62017
62117,真・金枪刺,62017,2,1,1,6,11722,1,1,1,1.18,0,0,-1,-1,-1,20,3,1,-1,-1,-1,-1,-1,-1,-1,-1,-1,-1,-1,-1,攻击竖排敌人并造成118%的法术伤害，并45%的概率沉默目标，持续2回合。,62017
62217,金枪刺Ⅲ,62017,2,1,1,6,11721,1,1,1,1.18,0,0,-1,-1,-1,20,3,1,-1,-1,-1,-1,-1,-1,-1,-1,-1,-1,-1,-1,攻击竖排敌人并造成118%的法术伤害，并降低目标16%的命中持续2回合。,62017
63017,烈・天罚,63017,3,1,1,10,-1,1,1,1,0.9,0,0,-1,-1,-1,-1,-1,-1,-1,-1,-1,-1,-1,-1,2,1,-1,-1,-1,-1,追打带有|0xfd6139::地状态|的敌人，造成90%的伤害并附加|0xdc66f8::人状态|。,63003
64017,真武诀Ⅰ,64017,4,1,1,1,11741,0,1,1,0,0,0,-1,-1,-1,-1,-1,-1,-1,-1,-1,-1,-1,1,-1,-1,-1,-1,-1,-1,属性强化：增加英雄340攻击（下级增加1330)。,64008
64117,真武诀Ⅱ,0,4,0,0,0,0,0,0,0,0,0,0,0,0,0,-1,-1,-1,0,0,0,0,0,0,0,0,0,0,0,0,属性强化：增加英雄1330攻击（下级增加3980)。,64008
64217,真武诀Ⅲ,0,4,0,0,0,0,0,0,0,0,0,0,0,0,0,-1,-1,-1,0,0,0,0,0,0,0,0,0,0,0,0,属性强化：增加英雄3980攻击。,64008
65017,索命追,65017,5,1,1,23,11751,0,1,1,1,0,0,-1,-1,-1,-1,-1,-1,-1,-1,-1,-1,-1,-1,-1,-1,3,-1,-1,-1,进入战斗时降低所有男性敌人800防御持续2回合。,65001
61020,怒火击,61020,1,1,1,1,-1,1,1,1,1,0,0,-1,-1,-1,-1,-1,-1,-1,5,2,0,61920,-1,-1,-1,-1,-1,-1,-1,随机单个敌人且有5%（连击率）的概率触发5连击。,61002
62020,强袭戟,62020,2,1,1,9,-1,1,1,1,0.74,0,1,2,23,12021,20,2,2,-1,-1,-1,-1,-1,-1,-1,-1,-1,-1,-1,-1,攻击全体敌人并造成74%的物理伤害，同时给友方男性目标增加500攻击持续1回合。,62020
62120,真・强袭戟,62020,2,1,1,9,-1,1,1,1,0.85,0,1,-1,-1,-1,20,2,2,-1,-1,-1,-1,-1,-1,-1,-1,-1,-1,-1,-1,攻击全体敌人并造成85%的物理伤害，并且有8%的概率禁止目标本回合使用普攻。,62020
62220,强袭戟Ⅲ,62020,2,1,1,9,-1,1,1,1,0.96,0,1,-1,-1,-1,20,2,2,-1,-1,-1,-1,-1,-1,-1,-1,-1,-1,-1,-1,攻击全体敌人并造成96%的物理伤害，并且有8%的概率禁止目标本回合使用普攻。,62020
63020,疾・明王,63020,3,1,1,0,-1,1,1,1,0.9,0,0,-1,-1,-1,-1,-1,-1,-1,-1,-1,-1,-1,-1,3,2,-1,-1,-1,-1,追打带有|0x31a8fa::天状态|的敌人，造成90%的伤害并附加|0xfd6139::地状态|。,63001
64020,真武诀Ⅰ,64020,4,1,1,1,12041,0,1,1,0,0,0,-1,-1,-1,-1,-1,-1,-1,-1,-1,-1,-1,1,-1,-1,-1,-1,-1,-1,属性强化：增加英雄260攻击（下级增加1030)。,64003
64120,真武诀Ⅱ,0,4,0,0,0,0,0,0,0,0,0,0,0,0,0,-1,-1,-1,0,0,0,0,0,0,0,0,0,0,0,0,属性强化：增加英雄1030攻击（下级增加3090)。,64003
64220,真武诀Ⅲ,0,4,0,0,0,0,0,0,0,0,0,0,0,0,0,-1,-1,-1,0,0,0,0,0,0,0,0,0,0,0,0,属性强化：增加英雄3090攻击。,64003
65020,索命追,65020,5,1,1,0,-1,1,1,1,1,0,0,-1,-1,-1,-1,-1,-1,-1,-1,-1,-1,-1,-1,-1,-1,2,-1,-1,-1,"普攻击杀敌人后触发一次|0x36d94d::额外攻击|,并造成100%的普攻伤害。",65001
61023,疾风击,61023,1,1,1,0,-1,1,1,1,1,0,0,-1,-1,-1,-1,-1,-1,-1,2,2,0,61923,-1,-1,-1,-1,-1,-1,-1,攻击正面敌人且有5%（连击率）的概率触发3连击。,61001
62023,摧花斩,62023,2,1,1,7,-1,1,1,1,2.76,0,0,-1,-1,-1,40,2,2,-1,-1,-1,-1,-1,-1,-1,-1,-1,-1,-1,-1,攻击血量最低敌人造成276%的法术伤害。,62023
62123,真・摧花斩,62023,2,1,1,7,-1,1,1,1,3.11,0,0,-1,-1,-1,40,2,2,-1,-1,-1,-1,-1,-1,-1,-1,-1,-1,-1,-1,攻击血量最低敌人造成276%的法术伤害。,62023
62223,摧花斩Ⅲ,62023,2,1,1,7,-1,1,1,1,3.45,0,0,-1,-1,-1,40,2,2,-1,-1,-1,-1,-1,-1,-1,-1,-1,-1,-1,-1,攻击血量最低敌人造成276%的法术伤害。,62023
63023,雷・云动,63023,3,1,1,10,-1,1,1,1,0.9,0,0,-1,-1,-1,-1,-1,-1,-1,-1,-1,-1,-1,-1,1,3,-1,-1,-1,-1,追打带有|0xdc66f8::人状态|的敌人，造成90%的伤害并附加|0x31a8fa::天状态|。,63002
64023,真武诀Ⅰ,64023,4,1,1,0,12341,0,1,1,0,0,0,-1,-1,-1,-1,-1,-1,-1,-1,-1,-1,-1,1,-1,-1,-1,-1,-1,-1,属性强化：增加英雄270攻击（下级增加1070)。,64006
64123,真武诀Ⅱ,0,4,0,0,0,0,0,0,0,0,0,0,0,0,0,-1,-1,-1,0,0,0,0,0,0,0,0,0,0,0,0,属性强化：增加英雄1070攻击（下级增加3210)。,64006
64223,真武诀Ⅲ,0,4,0,0,0,0,0,0,0,0,0,0,0,0,0,-1,-1,-1,0,0,0,0,0,0,0,0,0,0,0,0,属性强化：增加英雄3210攻击。,64006
65023,战意诀,65023,5,1,1,24,12351,0,1,1,0,0,0,-1,-1,-1,-1,-1,-1,-1,-1,-1,-1,-1,-1,-1,-1,3,-1,-1,-1,进入战斗时降低所有女性敌人800防御持续2回合。,65002
61026,疾风击,61026,1,1,1,0,-1,1,1,1,1,0,0,-1,-1,-1,-1,-1,-1,-1,3,2,0,61926,-1,-1,-1,-1,-1,-1,-1,攻击正面敌人且有5%（连击率）的概率触发3连击。,61001
62026,仙籁音,62026,2,1,2,16,-1,2,1,1,0.65,500,0,-1,-1,-1,20,1,1,-1,-1,-1,-1,-1,-1,-1,-1,-1,-1,-1,-1,治疗两名最低血量队员65%自身攻击的气血。 ,62026
62126,真・仙籁音,62026,2,1,2,16,-1,2,1,1,0.71,800,0,2,11,12621,20,1,1,-1,-1,-1,-1,-1,-1,-1,-1,-1,-1,-1,-1,治疗两名最低血量队员71%自身攻击的气血，同时自身增加回血效果。 ,62026
62226,仙籁音,62026,2,1,2,16,-1,2,1,1,0.65,500,0,-1,-1,-1,0,1,0,-1,-1,-1,-1,-1,-1,-1,-1,-1,-1,-1,-1,治疗两名最低血量队员78%自身攻击的气血。 ,62026
62326,仙籁音,62026,2,1,2,16,-1,2,1,1,0.5,0,0,-1,-1,-1,20,1,1,-1,-1,-1,-1,-1,-1,-1,-1,-1,-1,-1,-1,治疗两名最低血量队员65%自身攻击的气血。 ,62026
63026,劫・天罚,63026,3,1,1,10,-1,1,1,1,0.9,0,0,-1,-1,-1,-1,-1,-1,-1,-1,-1,-1,-1,-1,1,1,-1,-1,-1,-1,追打带有|0xdc66f8::人状态|的敌人，造成90%的伤害并附加|0xdc66f8::人状态|。,63002
64026,真武诀Ⅰ,64026,4,1,1,1,12641,0,1,1,0,0,0,-1,-1,-1,-1,-1,-1,-1,-1,-1,-1,-1,1,-1,-1,-1,-1,-1,-1,属性强化：增加英雄270攻击（下级增加1060)。,64008
64126,真武诀Ⅱ,0,4,0,0,0,0,0,0,0,0,0,0,0,0,0,-1,-1,-1,0,0,0,0,0,0,0,0,0,0,0,0,属性强化：增加英雄1060攻击（下级增加3170)。,64008
64226,真武诀,0,4,0,0,0,0,0,0,0,0,0,0,0,0,0,-1,-1,-1,0,0,0,0,0,0,0,0,0,0,0,0,属性强化：增加英雄3170攻击。,64008
65026,还阳诀,65026,5,1,1,2,12651,0,1,1,0,0,0,-1,-1,-1,-1,-1,-1,-1,-1,-1,-1,-1,-1,-1,-1,4,15,-1,-1,comb15触发，随机给2名敌人附加|0x36d94d::中毒| 效果，持续1回合。,65003
61027,疾风击,61027,1,1,1,0,-1,1,1,1,1,0,0,-1,-1,-1,-1,-1,-1,-1,2,2,0,61927,-1,-1,-1,-1,-1,-1,-1,攻击正面敌人且有8%（连击率）的概率触发2连击。,61002
62027,天罗舞,62027,2,1,2,9,12721,2,1,1,0.5,800,0,-1,-1,-1,40,1,1,-1,-1,-1,-1,-1,-1,-1,-1,-1,-1,-1,-1,治疗全体队员50%自身攻击的气血，并增加全部队员5%的防御持续1回合。,62027
62127,真・天罗舞,62027,2,1,2,9,12721,2,1,1,0.65,1200,0,-1,-1,-1,40,1,1,-1,-1,-1,-1,-1,-1,-1,-1,-1,-1,-1,-1,治疗全体队员65%自身攻击的气血，并增加全部队员5%的防御持续1回合。,62027
62227,天罗舞Ⅲ,62027,2,1,2,9,12721,2,1,1,0.65,300,0,-1,-1,-1,40,1,1,-1,-1,-1,-1,-1,-1,-1,-1,-1,-1,-1,-1,治疗全体队员65%自身攻击的气血，并增加全部队员5%的防御持续1回合。,62027
63027,雷・云动,63027,3,1,1,0,-1,1,1,1,0.9,0,0,-1,-1,-1,-1,-1,-1,-1,-1,-1,-1,-1,-1,1,3,-1,-1,-1,-1,追打带有|0xdc66f8::人状态|的敌人，造成90%的伤害并附加|0x31a8fa::天状态|。,63002
64027,真武诀Ⅰ,64027,4,1,1,0,12741,0,1,1,0,0,0,-1,-1,-1,-1,-1,-1,-1,-1,-1,-1,-1,1,-1,-1,-1,-1,-1,-1,属性强化：增加英雄330攻击（下级增加1290)。,64005
64127,真武诀Ⅱ,0,4,0,0,0,0,0,0,0,0,0,0,0,0,0,-1,-1,-1,0,0,0,0,0,0,0,0,0,0,0,0,属性强化：增加英雄1290攻击（下级增加3860)。,64005
64227,真武诀Ⅲ,0,4,0,0,0,0,0,0,0,0,0,0,0,0,0,-1,-1,-1,0,0,0,0,0,0,0,0,0,0,0,0,属性强化：增加英雄3860攻击。,64005
65027,清风诀,65027,5,1,2,24,12751,0,1,1,0,0,0,-1,-1,-1,-1,-1,-1,-1,-1,-1,-1,-1,-1,-1,-1,3,-1,-1,-1,进入战场时给女性队员增加15%的攻击，持续2回合。,65002
61029,疾风击,61029,1,1,1,0,-1,1,1,1,1,0,0,-1,-1,-1,-1,-1,-1,-1,4,2,3,61929,-1,-1,-1,-1,-1,-1,-1,攻击正面敌人且有10%（连击率）的概率触发4连击并附加|0x31a8fa::天状态|。,61003
62029,灭天斩,62029,2,1,1,0,-1,1,5,1,1.51,0,0,2,5,12921,20,3,0,-1,-1,-1,-1,-1,-1,-1,-1,-1,-1,-1,-1,攻击正面敌人并造成151%的物理伤害同时增加前排队员23%的防御持续2回合。,62029
62129,真・灭天斩,62029,2,1,1,0,-1,1,5,1,1.73,0,0,2,5,12921,20,3,0,-1,-1,-1,-1,-1,-1,-1,-1,-1,-1,-1,-1,攻击正面敌人并造成173%的物理伤害同时增加前排队员23%的防御持续2回合。,62029
62229,灭天斩Ⅲ,62029,2,1,1,0,-1,1,5,1,1.97,0,0,2,5,12921,20,3,0,-1,-1,-1,-1,-1,-1,-1,-1,-1,-1,-1,-1,攻击正面敌人并造成197%的物理伤害同时增加前排队员23%的防御持续2回合。,62029
63029,疾・明王,63029,3,1,1,0,-1,1,1,1,0.9,0,0,-1,-1,-1,-1,-1,-1,-1,-1,-1,-1,-1,-1,3,2,-1,-1,-1,-1,追打带有|0x31a8fa::天状态|的敌人，造成90%的伤害并附加|0xfd6139::地状态|。,63001
64029,金刚诀Ⅰ,64029,4,1,1,0,12941,0,1,1,0,0,0,-1,-1,-1,-1,-1,-1,-1,-1,-1,-1,-1,1,-1,-1,-1,-1,-1,-1,属性强化：增加英雄3600血量（下级增加14200)。,64009
64129,金刚诀Ⅱ,0,4,0,0,0,0,0,0,0,0,0,0,0,0,0,-1,-1,-1,0,0,0,0,0,0,0,0,0,0,0,0,属性强化：增加英雄14200血量（下级增加42600)。,64009
64229,金刚诀Ⅲ,0,4,0,0,0,0,0,0,0,0,0,0,0,0,0,-1,-1,-1,0,0,0,0,0,0,0,0,0,0,0,0,属性强化：增加英雄42600血量。,64009
65029,分影阵,65029,5,1,2,11,12951,0,1,1,0,0,0,-1,-1,-1,-1,-1,-1,-1,-1,-1,-1,-1,-1,-1,-1,3,-1,-1,-1,进入战斗增加自身|0x36d94d::23%|的闪避率持续1回合。,65002
61030,惊雷击,61030,1,1,1,0,-1,1,1,1,1,0,0,-1,-1,-1,-1,-1,-1,-1,2,1.75,2,61930,-1,-1,-1,-1,-1,-1,-1,攻击正面敌人且有10%（连击率）的概率触发2连击并附加|0xfd6139::地状态|。,61004
62030,追魂击,62030,2,1,1,0,-1,1,1,1,1.71,0,0,2,11,13021,20,3,0,-1,-1,-1,-1,-1,-1,-1,-1,-1,-1,-1,-1,攻击正面敌人造成171%的法术伤害，自身附加一个霸体效果（被追打伤害为1）持续2回合。,62030
62130,真・追魂击,62030,2,1,1,0,-1,1,1,1,1.93,0,0,2,5,13021,20,3,0,-1,-1,-1,-1,-1,-1,-1,-1,-1,-1,-1,-1,攻击正面敌人造成193%的法术伤害，前排附加一个霸体效果（被追打伤害为1）持续2回合。,62030
62230,追魂击Ⅲ,62030,2,1,1,0,-1,1,1,1,2.16,0,0,2,11,13021,20,3,0,-1,-1,-1,-1,-1,-1,-1,-1,-1,-1,-1,-1,"攻击正面敌人并造成216%的法术伤害同时自身附加一个霸体效果（被追打伤害为1）持续2回合,。",62030
63030,烈・明王,63030,3,1,1,10,-1,1,1,1,0.9,0,0,-1,-1,-1,-1,-1,-1,-1,-1,-1,-1,-1,-1,2,2,-1,-1,-1,-1,追打带有|0xfd6139::地状态|的敌人，造成90%的伤害并附加|0xfd6139::地状态|。,63003
64030,金刚诀Ⅰ,64030,4,1,2,11,13041,0,1,1,0,0,0,-1,-1,-1,-1,-1,-1,-1,-1,-1,-1,-1,2,-1,-1,-1,-1,-1,-1,属性强化：增加英雄2900血量（下级增加11400)。,64007
64130,金刚诀Ⅱ,0,4,0,0,0,0,0,0,0,0,0,0,0,0,0,-1,-1,-1,0,0,0,0,0,0,0,0,0,0,0,0,属性强化：增加英雄11400血量（下级增加34100)。,64007
64230,金刚诀Ⅲ,0,4,0,0,0,0,0,0,0,0,0,0,0,0,0,-1,-1,-1,0,0,0,0,0,0,0,0,0,0,0,0,属性强化：增加英雄34100血量。,64007
65030,磐石阵,65030,5,1,2,11,-1,2,1,1,0.45,500,0,-1,-1,-1,-1,-1,-1,-1,-1,-1,-1,-1,-1,-1,-1,5,-1,-1,-1,每次攻击前恢复自身少量血量。,65002
61032,惊雷击,61032,1,1,1,0,-1,1,1,1,1,0,0,-1,-1,-1,-1,-1,-1,-1,4,1.84,2,61932,-1,-1,-1,-1,-1,-1,-1,攻击正面敌人且有8%（连击率）的概率触发4连击并附加|0xfd6139::地状态|。,61003
62032,雷神斩,62032,2,1,1,0,-1,1,1,1,1.13,0,0,-1,-1,-1,20,2,0,1,-1,-1,-1,-1,-1,-1,-1,-1,-1,-1,-1,攻击正面敌人造成113%的法术伤害，并附加|0xdc66f8::人状态|。,62032
62132,真・雷神斩,62032,2,1,1,0,-1,1,1,1,1.28,0,0,-1,-1,-1,20,2,0,1,-1,-1,-1,-1,-1,-1,-1,-1,-1,-1,-1,攻击正面敌人造成128%的法术伤害，并附加|0xdc66f8::人状态|。,62032
62232,雷神斩Ⅲ,62032,2,1,1,0,-1,1,1,1,1.43,0,0,-1,-1,-1,20,2,0,1,-1,-1,-1,-1,-1,-1,-1,-1,-1,-1,-1,攻击正面敌人造成143%的法术伤害，并附加|0xdc66f8::人状态|。,62032
63032,劫・天罚,63032,3,1,1,0,-1,1,1,1,0.9,0,0,-1,-1,-1,-1,-1,-1,-1,-1,-1,-1,-1,-1,1,1,-1,-1,-1,-1,追打带有|0xdc66f8::人状态|的敌人，造成90%的伤害并附加|0xdc66f8::人状态|。,63002
64032,金刚诀Ⅰ,64032,4,1,2,11,13241,0,1,1,0,0,0,-1,-1,-1,-1,-1,-1,-1,-1,-1,-1,-1,2,-1,-1,-1,-1,-1,-1,属性强化：增加英雄3300血量（下级增加12900)。,64006
64132,金刚诀Ⅱ,0,4,0,0,0,0,0,0,0,0,0,0,0,0,0,-1,-1,-1,0,0,0,0,0,0,0,0,0,0,0,0,属性强化：增加英雄12900血量（下级增加38500)。,64006
64232,金刚诀Ⅲ,0,4,0,0,0,0,0,0,0,0,0,0,0,0,0,-1,-1,-1,0,0,0,0,0,0,0,0,0,0,0,0,属性强化：增加英雄38500血量。,64006
65032,索命追,65032,5,1,1,0,-1,1,1,1,1,0,0,-1,-1,-1,-1,-1,-1,-1,-1,-1,-1,-1,-1,-1,-1,2,-1,-1,-1,"普攻击杀敌人后触发一次|0x36d94d::额外攻击|,并造成100%普攻伤害。",65001
61033,惊雷击,61033,1,1,1,0,-1,1,1,1,1,0,0,-1,-1,-1,-1,-1,-1,-1,2,1.84,2,61933,-1,-1,-1,-1,-1,-1,-1,攻击正面敌人且有8%（连击率）的概率触发2连击并附加|0xfd6139::地状态|。,61003
62033,修罗斩,62033,2,1,1,0,-1,1,1,1,1.18,0,0,-1,-1,-1,20,2,0,1,-1,-1,-1,-1,-1,-1,-1,-1,-1,-1,-1,攻击正面敌人造成118%的物理伤害，并附加|0xdc66f8::人状态|。,62033
62133,真・修罗斩,62033,2,1,1,0,-1,1,1,1,1.48,0,0,-1,-1,-1,20,2,0,1,-1,-1,-1,-1,-1,-1,-1,-1,-1,-1,-1,攻击正面敌人造成148%的物理伤害，并附加|0xdc66f8::人状态|。,62033
62233,修罗斩Ⅲ,62033,2,1,1,0,-1,1,1,1,1.48,0,0,-1,-1,-1,20,2,0,1,-1,-1,-1,-1,-1,-1,-1,-1,-1,-1,-1,攻击正面敌人造成89%的物理伤害，并附加|0xdc66f8::人状态|。,62033
63033,烈・云动,63033,3,1,1,10,-1,1,1,1,0.9,0,0,-1,-1,-1,-1,-1,-1,-1,-1,-1,-1,-1,-1,2,3,-1,-1,-1,-1,追打带有|0xfd6139::地状态|的敌人，造成90%的伤害并附加|0x31a8fa::天状态|。,63003
64033,金刚诀Ⅰ,64033,4,1,1,0,13341,0,1,1,0,0,0,-1,-1,-1,-1,-1,-1,-1,-1,-1,-1,-1,1,-1,-1,-1,-1,-1,-1,属性强化：增加英雄3100血量（下级增加12300)。,64008
64133,金刚诀Ⅱ,0,4,0,0,0,0,0,0,0,0,0,0,0,0,0,-1,-1,-1,0,0,0,0,0,0,0,0,0,0,0,0,属性强化：增加英雄12300血量（下级增加36800)。,64008
64233,金刚诀Ⅲ,0,4,0,0,0,0,0,0,0,0,0,0,0,0,0,-1,-1,-1,0,0,0,0,0,0,0,0,0,0,0,0,属性强化：增加英雄36800血量。,64008
65033,止戈阵,65033,5,1,1,9,13351,0,1,1,0,0,0,-1,-1,-1,-1,-1,-1,-1,-1,-1,-1,-1,-1,-1,-1,3,-1,-1,-1,进入战斗降低全体敌人11%的命中持续1回合。,65002
61034,惊雷击,61034,1,1,1,0,-1,1,1,1,1,0,0,-1,-1,-1,-1,-1,-1,-1,2,1.75,3,61934,-1,-1,-1,-1,-1,-1,-1,攻击正面敌人且有10%（连击率）的概率触发3连击并附加|0x31a8fa::天状态|。,61002
62034,冥王斩,62034,2,1,1,6,-1,1,3,1,1,0,0,2,11,13421,20,3,0,-1,-1,-1,-1,-1,-1,-1,-1,-1,-1,-1,-1,攻击竖排敌人造成100%的法术伤害同时增加自身|0x36d94d::23%|物理防御持续2回合。,62034
62134,真・冥王斩,62034,2,1,1,6,-1,1,3,1,1.14,0,0,2,11,13421,20,3,0,-1,-1,-1,-1,-1,-1,-1,-1,-1,-1,-1,-1,攻击竖排敌人造成114%的法术伤害同时增加自身|0x36d94d::23%|物理防御持续2回合。,62034
62234,冥王斩Ⅲ,62034,2,1,1,6,-1,1,3,1,1.29,0,0,2,11,13421,20,3,0,-1,-1,-1,-1,-1,-1,-1,-1,-1,-1,-1,-1,攻击竖排敌人造成129%的法术伤害同时增加自身|0x36d94d::23%|物理防御持续2回合。,62034
63034,疾・云动,63034,3,1,1,10,-1,1,1,1,0.9,0,0,-1,-1,-1,-1,-1,-1,-1,-1,-1,-1,-1,-1,3,3,-1,-1,-1,-1,追打带有|0x31a8fa::天状态|的敌人，造成90%的伤害并附加|0x31a8fa::天状态|。,63001
64034,金刚诀Ⅰ,64034,4,1,1,0,13441,0,1,1,0,0,0,-1,-1,-1,-1,-1,-1,-1,-1,-1,-1,-1,2,-1,-1,-1,-1,-1,-1,属性强化：增加英雄3900血量（下级增加15400)。,64008
64134,金刚诀Ⅱ,0,4,0,0,0,0,0,0,0,0,0,0,0,0,0,-1,-1,-1,0,0,0,0,0,0,0,0,0,0,0,0,属性强化：增加英雄15400血量（下级增加46000)。,64008
64234,金刚诀Ⅲ,0,4,0,0,0,0,0,0,0,0,0,0,0,0,0,-1,-1,-1,0,0,0,0,0,0,0,0,0,0,0,0,属性强化：增加英雄46000血量。,64008
65034,五毒诀,65034,5,1,1,1,13451,0,1,1,0,0,0,-1,-1,-1,-1,-1,-1,-1,-1,-1,-1,-1,-1,-1,-1,1,-1,-1,-1,回合开始时，随机给敌方一敌人附加|0x36d94d::中毒效果|持续1回合。,65002
61037,惊雷击,61037,1,1,1,0,-1,1,1,1,1,0,0,-1,-1,-1,-1,-1,-1,-1,2,2,1,61937,-1,-1,-1,-1,-1,-1,-1,攻击正面敌人且有5%（连击率）的概率触发2连击并附加|0xdc66f8::人状态|。,61004
62037,震天斩,62037,2,1,1,0,-1,1,1,1,1.77,0,0,-1,-1,-1,20,3,0,-1,-1,-1,-1,-1,-1,-1,-1,-1,-1,-1,-1,攻击正面敌人造成177%的法术伤害。,62016
62137,真・震天斩,62037,2,1,1,0,-1,1,1,1,1.77,0,0,-1,-1,-1,20,3,0,-1,-1,-1,-1,-1,-1,-1,-1,-1,-1,-1,-1,攻击正面敌人造成177%的法术伤害。,62016
62237,0,0,2,0,0,0,0,0,0,0,0,0,0,0,0,0,-1,-1,-1,0,0,0,0,0,0,0,0,0,0,0,0,0,0
63037,劫・明王,63037,3,1,1,10,-1,1,1,1,0.9,0,0,-1,-1,-1,-1,-1,-1,-1,-1,-1,-1,-1,-1,1,3,-1,-1,-1,-1,追打带有|0xdc66f8::人状态|的敌人，造成90%的伤害并附加|0x31a8fa::天状态|。,63002
64037,金刚诀Ⅰ,0,4,0,0,0,0,0,0,0,0,0,0,0,0,0,-1,-1,-1,0,0,0,0,0,0,0,0,0,0,0,0,属性强化：增加英雄3000血量（下级增加12000)。,64005
64137,金刚诀Ⅱ,0,4,0,0,0,0,0,0,0,0,0,0,0,0,0,-1,-1,-1,0,0,0,0,0,0,0,0,0,0,0,0,属性强化：增加英雄12000血量（下级增加35800)。,64005
64237,金刚诀Ⅲ,0,4,0,0,0,0,0,0,0,0,0,0,0,0,0,-1,-1,-1,0,0,0,0,0,0,0,0,0,0,0,0,属性强化：增加英雄35800血量。,64005
65037,神罗阵,65037,5,1,2,11,13751,0,1,1,0,0,0,-1,-1,-1,-1,-1,-1,-1,-1,-1,-1,-1,-1,-1,-1,3,-1,-1,-1,进入战斗增加自身1200防御持续1回合。,65002
61038,惊雷击,61038,1,1,1,0,-1,1,1,1,1,0,0,-1,-1,-1,-1,-1,-1,-1,6,2,3,61938,-1,-1,-1,-1,-1,-1,-1,攻击正面敌人5%（连击率）的概率触发6连击并附加|0x31a8fa::天状态|。,61003
62038,龙象击,62038,2,1,1,5,-1,1,4,1,0.71,0,0,-1,-1,-1,20,2,1,-1,-1,-1,-1,-1,-1,-1,2,-1,-1,-1,-1,攻击前排敌人并造成71%的物理伤害，并附加|0xfd6139::地状态|。,62001
62138,真・龙象击,62038,2,1,1,5,-1,1,4,1,0.89,0,0,-1,-1,-1,20,2,1,-1,-1,-1,-1,-1,-1,-1,2,-1,-1,-1,-1,攻击前排敌人并造成89%的物理伤害，并附加|0xfd6139::地状态|。,62001
62238,龙象击Ⅲ,62038,2,1,1,5,-1,1,4,1,0.89,0,0,-1,-1,-1,20,2,1,-1,-1,-1,-1,-1,-1,-1,2,-1,-1,-1,-1,攻击前排敌人并造成89%的物理伤害，并附加|0xfd6139::地状态|。,62001
63038,劫・云动,63001,3,1,1,10,-1,1,1,1,0.9,0,0,-1,-1,-1,-1,-1,-1,-1,-1,-1,-1,-1,-1,2,2,-1,-1,-1,-1,追打带有|0xfd6139::地状态|的敌人，造成90%的伤害并附加|0xfd6139::地状态|。,63002
64038,真武诀Ⅰ,0,4,0,0,0,0,0,0,0,0,0,0,0,0,0,-1,-1,-1,0,0,0,0,0,0,0,0,0,0,0,0,属性强化：增加英雄280攻击（下级增加1100)。,64008
64138,真武诀Ⅱ,0,4,0,0,0,0,0,0,0,0,0,0,0,0,0,-1,-1,-1,0,0,0,0,0,0,0,0,0,0,0,0,属性强化：增加英雄1100攻击（下级增加3290)。,64008
64238,真武诀Ⅲ,0,4,0,0,0,0,0,0,0,0,0,0,0,0,0,-1,-1,-1,0,0,0,0,0,0,0,0,0,0,0,0,属性强化：增加英雄3290攻击。,64008
65038,0,65038,5,0,0,0,0,0,0,0,0,0,0,0,0,0,-1,-1,-1,0,0,0,0,0,0,0,0,0,0,0,0,0,65002
61039,疾风击,61039,1,1,1,0,-1,1,1,1,1,0,0,-1,-1,-1,-1,-1,-1,-1,6,2,0,61939,-1,-1,-1,-1,-1,-1,-1,攻击正面敌人且有5%（连击率）的概率触发6连击。,61001
62039,旋风斩,62039,2,1,1,2,-1,1,4,1,0.89,0,0,-1,-1,-1,20,2,1,-1,-1,-1,-1,-1,-1,-1,-1,-1,-1,-1,-1,随机攻击2个敌人并造成89%的法术伤害。,62015
62139,真・旋风斩,62039,2,1,1,2,-1,1,4,1,0.89,0,0,-1,-1,-1,20,2,1,-1,-1,-1,-1,-1,-1,-1,-1,-1,-1,-1,-1,随机攻击2个敌人并造成89%的法术伤害。,62015
62239,天书罚Ⅲ,62039,2,1,1,2,-1,1,4,1,0.89,0,0,-1,-1,-1,20,2,1,-1,-1,-1,-1,-1,-1,-1,-1,-1,-1,-1,-1,随机攻击2个敌人并造成89%的法术伤害。,62015
63039,烈・天罚,63039,3,1,1,10,-1,1,1,1,0.9,0,0,-1,-1,-1,-1,-1,-1,-1,-1,-1,-1,-1,-1,2,1,-1,-1,-1,-1,追打带有|0xfd6139::地状态|的敌人，造成90%的伤害并附加|0xdc66f8::人状态|。,63003
64039,真武诀Ⅰ,0,4,0,0,0,0,0,0,0,0,0,0,0,0,0,-1,-1,-1,0,0,0,0,0,0,0,0,0,0,0,0,属性强化：增加英雄210攻击（下级增加830)。,64008
64139,真武诀Ⅱ,0,4,0,0,0,0,0,0,0,0,0,0,0,0,0,-1,-1,-1,0,0,0,0,0,0,0,0,0,0,0,0,属性强化：增加英雄830攻击（下级增加2480)。,64008
64239,真武诀Ⅲ,0,4,0,0,0,0,0,0,0,0,0,0,0,0,0,-1,-1,-1,0,0,0,0,0,0,0,0,0,0,0,0,属性强化：增加英雄2480攻击。,64008
65039,回春术,65039,5,1,2,14,-1,2,1,1,0.5,300,0,-1,-1,-1,-1,-1,-1,-1,-1,-1,-1,-1,-1,-1,-1,1,-1,-1,-1,回合开始前治疗血量最低的队员自身攻击50%的气血。,65002
61040,闪电击,61040,1,1,1,0,-1,1,1,1,1,0,0,-1,-1,-1,-1,-1,-1,-1,3,2,0,61940,-1,-1,-1,-1,-1,-1,-1,攻击正面敌人且有5%（连击率）的概率触发3连击。,61001
62040,麒麟灭,62040,2,1,1,0,14021,1,1,1,1.18,0,0,2,9,14023,20,2,1,-1,-1,-1,-1,-1,-1,-1,-1,-1,-1,-1,-1,攻击正面敌人造成118%的物理伤害同时增加自身10%的防御并降低目标5%的攻击持续1回合。,62003
62140,真・麒麟灭,62040,2,1,1,0,14022,1,1,1,1.38,0,0,2,9,14024,20,2,1,-1,-1,-1,-1,-1,-1,-1,-1,-1,-1,-1,-1,攻击正面敌人造成136%的物理伤害同时增加自身20%的防御并降低目标8%的攻击持续1回合。,62003
62240,麒麟火Ⅲ,62040,2,1,1,0,14021,1,1,1,1.6,0,0,-1,-1,-1,20,2,1,-1,-1,-1,-1,-1,-1,-1,-1,-1,-1,-1,-1,攻击正面敌人造成160%的物理伤害并且有27%的概率晕眩持续1回合。,62003
63040,烈・明王,63040,3,1,1,10,-1,1,1,1,0.9,0,0,-1,-1,-1,-1,-1,-1,-1,-1,-1,-1,-1,-1,2,2,-1,-1,-1,-1,追打带有|0xfd6139::地状态|的敌人，造成90%的伤害并附加|0xfd6139::地状态|。,63003
64040,金刚诀Ⅰ,0,4,0,0,0,0,0,0,0,0,0,0,0,0,0,-1,-1,-1,0,0,0,0,0,0,0,0,0,0,0,0,属性强化：增加英雄3200血量（下级增加12500)。,64008
64140,金刚诀Ⅱ,0,4,0,0,0,0,0,0,0,0,0,0,0,0,0,-1,-1,-1,0,0,0,0,0,0,0,0,0,0,0,0,属性强化：增加英雄12500血量（下级增加37500)。,64008
64240,金刚诀Ⅲ,0,4,0,0,0,0,0,0,0,0,0,0,0,0,0,-1,-1,-1,0,0,0,0,0,0,0,0,0,0,0,0,属性强化：增加英雄37500血量。,64008
65040,先天诀,65040,5,1,2,11,-1,2,1,1,0.5,200,0,-1,-1,-1,-1,-1,-1,-1,-1,-1,-1,-1,-1,-1,-1,5,-1,-1,-1,普攻前恢复血自身攻击50%的气血。,65002
61041,弱点击,61041,1,1,1,7,-1,1,1,1,1,0,0,-1,-1,-1,-1,-1,-1,-1,4,2,0,61941,-1,-1,-1,-1,-1,-1,-1,攻击血量最低敌人且有5%（连击率）的概率触发4连击。,61002
62041,追命刺,62041,2,1,1,6,14121,1,3,1,0.99,0,0,2,11,14123,30,2,1,-1,-1,-1,-1,-1,-1,-1,-1,-1,-1,-1,-1,攻击竖排敌人并造成99%的物理伤害，增加自身10%的伤害且18%晕眩目标持续1回合。,62009
62141,真・追命刺,62041,2,1,1,6,14122,1,3,1,1.23,0,0,2,11,14123,30,2,1,-1,-1,-1,-1,-1,-1,-1,-1,-1,-1,-1,-1,攻击竖排敌人并造成123%的物理伤害，增加自身10%的伤害且23%晕眩目标持续1回合。,62009
62241,阎罗刺Ⅲ,62041,2,1,1,0,-1,1,3,1,2.01,0,0,-1,-1,-1,30,2,1,-1,-1,-1,-1,-1,-1,-1,-1,-1,-1,-1,-1,攻击竖排敌人并造成123%的物理伤害，同时增加自身10%的伤害并且23%晕眩目标持续1回合。,62009
63041,劫・天罚,63041,3,1,1,10,-1,1,1,1,0.9,0,0,-1,-1,-1,-1,-1,-1,-1,-1,-1,-1,-1,-1,1,1,-1,-1,-1,-1,追打带有|0xdc66f8::人状态|的敌人，造成90%的伤害并附加|0xdc66f8::人状态|。,63002
64041,真武诀Ⅰ,0,4,0,0,0,0,0,0,0,0,0,0,0,0,0,-1,-1,-1,0,0,0,0,0,0,0,0,0,0,0,0,属性强化：增加英雄450攻击（下级增加1770)。,64008
64141,真武诀Ⅱ,0,4,0,0,0,0,0,0,0,0,0,0,0,0,0,-1,-1,-1,0,0,0,0,0,0,0,0,0,0,0,0,属性强化：增加英雄1770攻击（下级增加5290)。,64008
64241,真武诀Ⅲ,0,4,0,0,0,0,0,0,0,0,0,0,0,0,0,-1,-1,-1,0,0,0,0,0,0,0,0,0,0,0,0,属性强化：增加英雄5290攻击。,64008
65041,战意诀,65041,5,1,1,6,-1,1,3,1,0.59,100,0,-1,-1,-1,-1,-1,-1,-1,-1,-1,-1,-1,-1,-1,-1,5,-1,-1,-1,普攻前额外攻击竖排敌人并造成59%的物理伤害。,65002
61042,疾风击,61042,1,1,1,0,-1,1,1,1,1,0,0,-1,-1,-1,-1,-1,-1,-1,3,2,0,61942,-1,-1,-1,-1,-1,-1,-1,攻击正面敌人且有5%（连击率）的概率触发3连击。,61001
62042,勾魂术,62042,2,1,1,0,-1,1,2,1,1.18,0,0,-1,-1,-1,20,2,0,3,-1,-1,-1,-1,-1,-1,-1,-1,-1,-1,-1,攻击正面敌人造成118%的法术伤害，并附加|0x31a8fa::天状态|。 ,62026
62142,真・勾魂术,62042,2,1,1,0,14222,1,2,1,1.43,0,0,-1,-1,-1,20,2,0,3,-1,-1,-1,-1,-1,-1,-1,-1,-1,-1,-1,攻击正面敌人造成143%的法术伤害，附加|0x31a8fa::天状态|并禁止目标使用普攻持续1回合。 ,62026
62242,仙籁音,62042,2,1,1,0,-1,1,2,1,1.43,0,0,-1,-1,-1,20,2,0,3,-1,-1,-1,-1,-1,-1,-1,-1,-1,-1,-1,攻击正面敌人造成118%的法术伤害，并附加|0x31a8fa::天状态|。 ,62026
63042,劫・天罚,63042,3,1,1,10,-1,1,1,1,0.9,0,0,-1,-1,-1,-1,-1,-1,-1,-1,-1,-1,-1,-1,1,1,-1,-1,-1,-1,追打带有|0xdc66f8::人状态|的敌人，造成90%的伤害并附加|0xdc66f8::人状态|。,63002
64042,真武诀Ⅰ,0,4,0,0,0,0,0,0,0,0,0,0,0,0,0,-1,-1,-1,0,0,0,0,0,0,0,0,0,0,0,0,属性强化：增加英雄360攻击（下级增加1440)。,64008
64142,真武诀Ⅱ,0,4,0,0,0,0,0,0,0,0,0,0,0,0,0,-1,-1,-1,0,0,0,0,0,0,0,0,0,0,0,0,属性强化：增加英雄1440攻击（下级增加4320)。,64008
64242,真武诀Ⅲ,0,4,0,0,0,0,0,0,0,0,0,0,0,0,0,-1,-1,-1,0,0,0,0,0,0,0,0,0,0,0,0,属性强化：增加英雄4320攻击。,64008
65042,封刀阵,65042,5,1,1,20,14251,0,1,1,0,0,0,-1,-1,-1,-1,-1,-1,-1,-1,-1,-1,-1,-1,-1,-1,3,-1,-1,-1,进入战斗降低所有攻击型敌人14%的攻击持续2回合。,65002
61043,闪电击,61043,1,1,1,0,-1,1,1,1,1,0,0,-1,-1,-1,-1,-1,-1,-1,6,2,0,61943,-1,-1,-1,-1,-1,-1,-1,攻击正面敌人且有8%（连击率）的概率触发6连击。,61003
62043,疾风刺,62043,2,1,1,0,-1,1,1,1,1.35,0,0,2,9,14321,20,1,2,-1,-1,-1,-1,-1,-1,-1,-1,-1,-1,-1,-1,攻击正面敌人造成139%的物理伤害，并且所有队员增加200攻击持续1回合。,62004
62143,真・疾风刺,62043,2,1,1,0,-1,1,1,1,1.64,0,0,2,9,14322,20,1,2,-1,-1,-1,-1,-1,-1,-1,-1,-1,-1,-1,-1,攻击正面敌人造成164%的物理伤害，并且所有队员增加500攻击持续1回合。,62004
62243,霸王斩Ⅲ,62043,2,1,1,0,-1,1,1,1,1.85,0,0,2,9,14322,20,1,2,-1,-1,-1,-1,-1,-1,-1,-1,-1,-1,-1,-1,攻击正面敌人造成139%的物理伤害。,62004
63043,劫・云动,63043,3,1,1,10,-1,1,1,1,0.9,0,0,-1,-1,-1,-1,-1,-1,-1,-1,-1,-1,-1,-1,1,3,-1,-1,-1,-1,追打带有|0xdc66f8::人状态|的敌人，造成90%的伤害并附加|0x31a8fa::天状态|。,63002
64043,金刚诀Ⅰ,0,4,0,0,0,0,0,0,0,0,0,0,0,0,0,-1,-1,-1,0,0,0,0,0,0,0,0,0,0,0,0,属性强化：增加英雄4000血量（下级增加15800)。,64008
64143,金刚诀Ⅱ,0,4,0,0,0,0,0,0,0,0,0,0,0,0,0,-1,-1,-1,0,0,0,0,0,0,0,0,0,0,0,0,属性强化：增加英雄15800血量（下级增加47200)。,64008
64243,金刚诀Ⅲ,0,4,0,0,0,0,0,0,0,0,0,0,0,0,0,-1,-1,-1,0,0,0,0,0,0,0,0,0,0,0,0,属性强化：增加英雄47200血量。,64008
65043,战意诀,65043,5,1,2,7,14351,0,1,1,0,0,0,-1,-1,-1,-1,-1,-1,-1,-1,-1,-1,-1,-1,-1,-1,1,-1,-1,-1,回合开始前增加血量最低队员30%的攻击持续一回合。,65002
61044,闪电击,61044,1,1,1,0,-1,1,1,1,1,0,0,-1,-1,-1,-1,-1,-1,-1,3,1.84,0,61944,-1,-1,-1,-1,-1,-1,-1,攻击正面敌人且有8%（连击率）的概率触发3连击。,61001
62044,嗜血杀,62044,2,1,1,6,10621,1,3,1,0.98,0,0,-1,-1,-1,20,3,1,-1,-1,-1,-1,-1,-1,-1,-1,-1,-1,-1,-1,攻击竖排敌人并造成98%的物理伤害，并且降低目标5%的攻击持续1回合。,62006
62144,真・嗜血杀,62044,2,1,1,6,10622,1,3,1,1.17,0,0,-1,-1,-1,20,3,1,-1,-1,-1,-1,-1,-1,-1,-1,-1,-1,-1,-1,攻击竖排敌人并造成117%的物理伤害，并且降低目标10%的攻击持续1回合。,62006
62244,嗜血杀Ⅲ,62044,2,1,1,6,-1,1,3,1,1.27,0,0,-1,-1,-1,20,3,1,-1,-1,-1,-1,-1,-1,-1,-1,-1,-1,-1,-1,攻击竖排敌人并造成127%的物理伤害。,62006
63044,疾・明王,63044,3,1,1,10,-1,1,1,1,0.9,0,0,-1,-1,-1,-1,-1,-1,-1,-1,-1,-1,-1,-1,3,2,-1,-1,-1,-1,追打带有|0x31a8fa::天状态|的敌人，造成90%的伤害并附加|0xfd6139::地状态|。,63001
64044,真武诀Ⅰ,0,4,0,0,0,0,0,0,0,0,0,0,0,0,0,-1,-1,-1,0,0,0,0,0,0,0,0,0,0,0,0,属性强化：增加英雄610攻击（下级增加2440)。,64008
64144,真武诀Ⅱ,0,4,0,0,0,0,0,0,0,0,0,0,0,0,0,-1,-1,-1,0,0,0,0,0,0,0,0,0,0,0,0,属性强化：增加英雄2440攻击（下级增加7310)。,64008
64244,真武诀Ⅲ,0,4,0,0,0,0,0,0,0,0,0,0,0,0,0,-1,-1,-1,0,0,0,0,0,0,0,0,0,0,0,0,属性强化：增加英雄7310攻击。,64008
65044,0,65044,5,0,0,0,0,0,0,0,0,0,0,0,0,0,-1,-1,-1,0,0,0,0,0,0,0,0,0,0,0,0,0,65002
61045,疾风击,61045,1,1,1,0,-1,1,1,1,1,0,0,-1,-1,-1,-1,-1,-1,-1,2,2,0,61945,-1,-1,-1,-1,-1,-1,-1,攻击正面敌人且有8%（连击率）的概率触发2连击。,61002
62045,天魔曲,62045,2,1,1,6,-1,1,3,1,0.89,0,0,2,13,14521,20,3,0,-1,-1,-1,-1,-1,-1,-1,-1,-1,-1,-1,-1,攻击竖排敌人并造成89%的法术伤害，并且后排队友增加吸血效果持续2回合。,62027
62145,真・天魔曲,62045,2,1,1,6,-1,1,3,1,0.95,0,0,2,9,14521,20,3,0,-1,-1,-1,-1,-1,-1,-1,-1,-1,-1,-1,-1,攻击竖排敌人并造成99%的法术伤害，并且所有队友增加吸血效果持续2回合。,62027
62245,天罗舞Ⅲ,62045,2,1,1,6,-1,1,3,1,0.95,0,0,2,9,14521,20,3,0,-1,-1,-1,-1,-1,-1,-1,-1,-1,-1,-1,-1,攻击竖排敌人并造成99%的法术伤害，并且增加所有队友20%的防御持续2回合。,62027
63045,雷・云动,63045,3,1,1,0,-1,1,1,1,0.9,0,0,-1,-1,-1,-1,-1,-1,-1,-1,-1,-1,-1,-1,1,3,-1,-1,-1,-1,追打带有|0xdc66f8::人状态|的敌人，造成90%的伤害并附加|0x31a8fa::天状态|。,63002
64045,金刚诀Ⅰ,0,4,0,0,0,0,0,0,0,0,0,0,0,0,0,-1,-1,-1,0,0,0,0,0,0,0,0,0,0,0,0,属性强化：增加英雄4500血量（下级增加17700)。,64008
64145,金刚诀Ⅱ,0,4,0,0,0,0,0,0,0,0,0,0,0,0,0,-1,-1,-1,0,0,0,0,0,0,0,0,0,0,0,0,属性强化：增加英雄17700血量（下级增加52900)。,64008
64245,金刚诀Ⅲ,0,4,0,0,0,0,0,0,0,0,0,0,0,0,0,-1,-1,-1,0,0,0,0,0,0,0,0,0,0,0,0,属性强化：增加英雄52900血量。,64008
65045,嗜血阵,65045,5,1,2,9,14551,0,1,1,0,0,0,-1,-1,-1,-1,-1,-1,-1,-1,-1,-1,-1,-1,-1,-1,3,-1,-1,-1,进入战斗，增加所有队员10%的防御，持续2回合。,65002
61046,惊雷击,61046,1,1,1,0,-1,1,1,1,1,0,0,-1,-1,-1,-1,-1,-1,-1,3,1.84,1,61946,-1,-1,-1,-1,-1,-1,-1,攻击正面敌人且有8%（连击率）的概率触发3连击并附加|0xdc66f8::人状态|。,61003
62046,烈火杀,62046,2,1,1,5,-1,1,2,1,1.11,0,0,-1,-1,-1,20,2,0,-1,-1,-1,-1,-1,-1,-1,-1,-1,-1,-1,-1,攻击前排敌人造成111%的物理伤害。,62007
62146,真・烈火杀,62046,2,1,1,5,-1,1,2,1,1.48,0,0,-1,-1,-1,20,2,0,-1,-1,-1,-1,-1,-1,-1,-1,-1,-1,-1,-1,攻击正面敌人造成148%的物理伤害，并附加|0xdc66f8::人状态|。,62007
62246,鬼神斩Ⅲ,62046,2,1,1,5,-1,1,2,1,1.48,0,0,-1,-1,-1,20,2,0,-1,-1,-1,-1,-1,-1,-1,-1,-1,-1,-1,-1,攻击正面敌人造成148%的物理伤害，并附加|0xdc66f8::人状态|。,62007
63046,劫・天罚,63046,3,1,1,10,-1,1,1,1,0.9,0,0,-1,-1,-1,-1,-1,-1,-1,-1,-1,-1,-1,-1,1,1,-1,-1,-1,-1,追打带有|0xdc66f8::人状态|的敌人，造成90%的伤害并附加|0xdc66f8::人状态|。,63002
64046,金刚诀Ⅰ,0,4,0,0,0,0,0,0,0,0,0,0,0,0,0,-1,-1,-1,0,0,0,0,0,0,0,0,0,0,0,0,属性强化：增加英雄3200血量（下级增加12800)。,64008
64146,金刚诀Ⅱ,0,4,0,0,0,0,0,0,0,0,0,0,0,0,0,-1,-1,-1,0,0,0,0,0,0,0,0,0,0,0,0,属性强化：增加英雄12800血量（下级增加38300)。,64008
64246,金刚诀Ⅲ,0,4,0,0,0,0,0,0,0,0,0,0,0,0,0,-1,-1,-1,0,0,0,0,0,0,0,0,0,0,0,0,属性强化：增加英雄38300血量。,64008
65046,磐石阵,65046,5,1,2,11,14651,0,1,1,0,0,0,-1,-1,-1,-1,-1,-1,-1,-1,-1,-1,-1,-1,-1,-1,3,-1,-1,-1,进入战斗，增加自身50%的防御，持续2回合。,65002
61047,疾风击,71010,1,1,1,0,-1,1,1,1,1,0,0,-1,-1,-1,-1,-1,-1,-1,6,2,2,71910,-1,-1,-1,-1,-1,-1,-1,攻击正面敌人且有8%（连击率）的概率触发2连击。,61003
62047,混元爆,72010,2,1,1,9,14721,1,6,1,0.8,0,0,1,2,14722,20,2,1,-1,-1,-1,-1,-1,-1,-1,-1,-1,-1,-1,-1,攻击全体敌人并造成80%的法术伤害，有几率造成|0x36d94d::中毒效果|，并且随机造成2个敌人无法使用普攻，持续1回合。,62009
62147,真・混元爆,72010,2,1,1,9,14721,1,6,1,1.05,0,0,1,3,14722,20,2,1,-1,-1,-1,-1,-1,-1,-1,-1,-1,-1,-1,-1,攻击全体敌人并造成105%的法术伤害，有几率造成|0x36d94d::中毒效果|，并且随机造成3个敌人无法使用普攻，持续1回合。,62009
62247,真・混元爆,72010,2,1,1,9,14721,1,6,1,1,0,0,1,3,14722,20,2,1,-1,-1,-1,-1,-1,-1,-1,-1,-1,-1,-1,-1,攻击全体敌人并造成105%的法术伤害，有几率造成|0x36d94d::中毒效果|，并且随机造成3个敌人无法使用普攻，持续1回合。,62009
63047,疾・云动,73010,3,1,1,0,-1,1,1,1,0.9,0,0,-1,-1,-1,-1,-1,-1,-1,-1,-1,-1,-1,-1,2,1,-1,-1,-1,-1,追打带有|0xfd6139::地状态|的敌人，造成90%的伤害并附加|0xdc66f8::人状态|。,63002
64047,真武诀Ⅰ,0,4,0,0,0,0,0,0,0,0,0,0,0,0,0,-1,-1,-1,0,0,0,0,0,0,0,0,0,0,0,0,属性强化：增加英雄390攻击（下级增加1540)。,64008
64147,真武诀Ⅱ,0,4,0,0,0,0,0,0,0,0,0,0,0,0,0,-1,-1,-1,0,0,0,0,0,0,0,0,0,0,0,0,属性强化：增加英雄1540攻击（下级增加4600)。,64008
64247,真武诀Ⅲ,0,4,0,0,0,0,0,0,0,0,0,0,0,0,0,-1,-1,-1,0,0,0,0,0,0,0,0,0,0,0,0,属性强化：增加英雄4600攻击。,64008
65047,疾风阵,75010,5,1,2,20,14751,0,1,1,0,0,0,-1,-1,-1,-1,-1,-1,-1,-1,-1,-1,-1,-1,-1,-1,3,-1,-1,-1,进入战斗，增加所有攻击型队员10%的伤害，持续1回合。,65002
66001,精灵伤害技能1-9,66001,6,1,1,3,-1,1,1,1,1,0,0,-1,-1,-1,-1,-1,-1,-1,-1,-1,-1,-1,-1,-1,-1,-1,-1,-1,-1,精灵伤害技能1-9,65005
66002,精灵伤害技能10-19,66002,6,1,1,4,-1,1,1,1,1,0,0,-1,-1,-1,-1,-1,-1,-1,-1,-1,-1,-1,-1,-1,-1,-1,-1,-1,-1,精灵伤害技能10-19,65001
66003,精灵伤害技能20-29,66003,6,1,1,9,-1,1,1,1,1,0,0,-1,-1,-1,-1,-1,-1,-1,-1,-1,-1,-1,-1,-1,-1,-1,-1,-1,-1,精灵伤害技能20-29,65002
66004,精灵伤害技能30-39,66004,6,1,1,9,-1,1,1,1,1,0,0,-1,-1,-1,-1,-1,-1,-1,-1,-1,-1,-1,-1,-1,-1,-1,-1,-1,-1,精灵伤害技能30-39,65002
66005,精灵伤害技能40-49,66005,6,1,1,9,-1,1,1,1,1,0,0,-1,-1,-1,-1,-1,-1,-1,-1,-1,-1,-1,-1,-1,-1,-1,-1,-1,-1,精灵伤害技能40-49,65001
66006,精灵伤害技能50-59,66006,6,1,1,9,-1,1,1,1,1,0,0,-1,-1,-1,-1,-1,-1,-1,-1,-1,-1,-1,-1,-1,-1,-1,-1,-1,-1,精灵伤害技能50-59,65002
66007,精灵伤害技能60-69,66007,6,1,1,9,-1,1,1,1,1,0,0,-1,-1,-1,-1,-1,-1,-1,-1,-1,-1,-1,-1,-1,-1,-1,-1,-1,-1,精灵伤害技能60-69,65002
66008,精灵伤害技能70-80,66008,6,1,1,9,-1,1,1,1,1,0,0,-1,-1,-1,-1,-1,-1,-1,-1,-1,-1,-1,-1,-1,-1,-1,-1,-1,-1,精灵伤害技能70-80,65001
81097,惊雷击,61097,1,1,1,0,-1,1,1,1,0,1999,0,-1,-1,-1,-1,-1,-1,-1,3,1.84,2,61997,-1,-1,-1,-1,-1,-1,-1,攻击正面敌人8%的概率造成3连击并附加|0xfd6139::地状态|。,61003
82098,雷光闪,62098,2,1,1,9,-1,1,4,1,0,8666,0,-1,-1,-1,10,3,0,-1,-1,-1,-1,-1,-1,-1,-1,-1,-1,-1,-1,攻击全体敌人，造成106%的物理伤害并对最低血量单位附加|0xdc66f8::人状态|。,62098
81098,闪电击,61098,1,1,1,0,-1,1,1,1,0,170,0,-1,-1,-1,-1,-1,-1,-1,3,1.84,3,61998,-1,-1,-1,-1,-1,-1,-1,攻击正面敌人8%的概率造成3连击并附加|0x31a8fa::天状态|。,61001
82097,阎罗斩,62097,2,1,1,2,-1,1,3,1,0,240,0,-1,-1,-1,20,2,1,-1,-1,-1,-1,-1,-1,-1,-1,-1,-1,-1,-1,随机攻击两名敌人，造成112%的物理伤害。,62097
82197,阎罗斩,62097,2,1,1,2,-1,1,3,1,0,240,0,-1,-1,-1,20,2,1,-1,-1,-1,-1,-1,-1,-1,-1,-1,-1,-1,-1,随机攻击两名敌人，造成112%的物理伤害。,62097
81087,致命扫射,61087,1,1,1,0,-1,1,1,1,0,1999,0,-1,-1,-1,-1,-1,-1,-1,3,1.84,1,61987,-1,-1,-1,-1,-1,-1,-1,攻击正面敌人8%（连击率）的概率造成3连击并附加|0xdc66f8::人状态|。,61003
82088,榴弹轰杀,62088,2,1,1,9,-1,1,1,1,0,8666,0,-1,-1,-1,10,2,0,-1,-1,-1,-1,-1,-1,-1,-1,-1,-1,-1,-1,攻击全体敌人，造成106%的法术伤害并对最低血量单位附加|0x31a8fa::天状态|。,62098
81088,霰弹重击,61088,1,1,1,0,-1,1,1,1,0,170,0,-1,-1,-1,-1,-1,-1,-1,3,1.84,3,61988,-1,-1,-1,-1,-1,-1,-1,攻击正面敌人8%的概率造成3连击并附加|0x31a8fa::天状态|。,61001
82087,枪林弹雨,62087,2,1,1,6,-1,1,3,1,0,240,0,-1,-1,-1,20,2,1,-1,-1,-1,-1,-1,-1,-1,-1,-1,-1,-1,-1,随机攻击两名敌人，造成112%的物理伤害。,62097
82187,枪林弹雨,62087,2,1,1,6,-1,1,3,1,0,240,0,-1,-1,-1,20,2,1,-1,-1,-1,-1,-1,-1,-1,-1,-1,-1,-1,-1,随机攻击两名敌人，造成112%的物理伤害。,62097
81001,惊雷击,61001,1,1,1,0,-1,1,1,1,0,660,0,-1,-1,-1,-1,-1,-1,-1,3,0,0,61901,-1,-1,-1,-1,-1,-1,-1,攻击正面敌人|0x36d94d::10%|概率触发3连击并附加|0x31a8fa::天状态|。,61003
82001,龙象击,62001,2,1,1,5,-1,1,4,1,0,120,0,-1,-1,-1,20,2,0,3,-1,-1,-1,-1,-1,-1,-1,-1,-1,-1,-1,攻击敌方前排敌人并造成|0x36d94d::144%|的物理伤害，并附加|0x31a8fa::天状态|。,62001
83001,劫・云动,63001,3,1,1,10,-1,1,1,1,0,594,0,-1,-1,-1,-1,-1,-1,-1,-1,-1,-1,-1,-1,2,2,-1,-1,-1,-1,追打带有|0xfd6139::地状态|的敌人，造成90%的伤害并附加|0xfd6139::地状态|。,63002
85001,天武阵,65001,5,1,2,5,10151,0,1,1,0,0,0,-1,-1,-1,-1,-1,-1,-1,-1,-1,-1,-1,-1,-1,-1,3,-1,-1,-1,进入战场时前排获得|0x36d94d::霸体|效果（被追打伤害为1），持续|0x36d94d::1|回合。,65002
82006,嗜血杀Ⅰ,62006,2,1,1,6,-1,1,3,1,0,320,0,-1,-1,-1,30,3,0,-1,-1,-1,-1,-1,-1,-1,-1,-1,-1,-1,-1,攻击竖排敌人并造成103%的物理伤害。,62006
81008,疾风击,61008,1,1,1,0,-1,1,1,1,0,720,0,-1,-1,-1,-1,-1,-1,-1,5,0,0,61908,-1,-1,-1,-1,-1,-1,-1,攻击正面敌人|0x36d94d::12%|概率触发4连击并附加|0x31a8fa::天状态|。,61001
82008,震天吼,62008,2,1,1,9,-1,1,4,1,0,6666,0,-1,-1,-1,10,3,2,-1,-1,-1,-1,-1,-1,-1,-1,-1,-1,-1,-1,攻击全体敌人并造成|0x36d94d::54%|的物理伤害同时自身增加|0x36d94d::免伤效果|持续1回合回合。,62008
81002,蛮力斩,61002,1,1,1,0,-1,1,1,1,0,180,0,-1,-1,-1,-1,-1,-1,-1,2,0,0,61902,-1,-1,-1,-1,-1,-1,-1,攻击正面敌人|0x36d94d::8%|概率触发2连击。,61004
82002,九龙吟,62002,2,1,1,0,10221,1,4,1,1.4,0,0,-1,-1,-1,20,2,0,-1,-1,-1,-1,-1,-1,-1,-1,-1,-1,-1,-1,攻击正面敌人造成140%的物理伤害并且|0x36d94d::晕眩|目标1回合。,62002
82102,九龙吟,62002,2,1,1,0,10221,1,4,1,0,260,0,-1,-1,-1,20,3,1,-1,-1,-1,-1,-1,-1,-1,-1,-1,-1,-1,-1,攻击正面敌人造成|0x36d94d::192%|的物理伤害并且晕眩敌人1回合。,62002
83002,劫・明王,63002,3,1,1,10,-1,1,1,1,0,851,0,-1,-1,-1,-1,-1,-1,-1,-1,-1,-1,-1,-1,3,1,-1,-1,-1,-1,追打带有|0x31a8fa::天状态|的敌人，造成90%的伤害并附加|0xdc66f8::人状态|。,63002
81004,闪电击,61004,1,1,1,0,-1,1,1,1,0,200,0,-1,-1,-1,-1,-1,-1,-1,6,2,0,61904,-1,-1,-1,-1,-1,-1,-1,攻击正面敌人且有8%（连击率）的概率触发6连击。,61003
82004,霸王斩,62004,2,1,1,13,-1,1,3,1,0,16000,0,-1,-1,-1,10,3,0,-1,-1,-1,-1,-1,-1,-1,-1,-1,-1,-1,-1,攻击后排敌人造成148%的物理伤害。,62004
82104,霸王斩,62004,2,1,1,13,-1,1,3,1,1,0,0,-1,-1,-1,10,3,0,-1,-1,-1,-1,-1,-1,-1,-1,-1,-1,-1,-1,攻击后排敌人造成148%的物理伤害。,62004
83004,劫・云动,63004,3,1,1,10,-1,1,1,1,0,6666,0,-1,-1,-1,-1,-1,-1,-1,-1,-1,-1,-1,-1,1,3,-1,-1,-1,-1,追打带有|0xdc66f8::人状态|的敌人，造成90%的伤害并附加|0x31a8fa::天状态|。,63002
81015,铁书罚,61015,1,1,1,0,-1,1,1,1,0,888,0,-1,-1,-1,-1,-1,-1,-1,6,0,0,61915,-1,-1,-1,-1,-1,-1,-1,攻击正面敌人|0x36d94d::8%|概率触发3连击。,61001
82015,铁书罚,62015,2,1,1,9,-1,1,3,1,0,12009,0,-1,-1,-1,10,3,0,-1,-1,-1,-1,-1,-1,-1,-1,-1,-1,-1,-1,攻击全体敌人并造成|0x36d94d::83%|的法术伤害，并且|0x36d94d::16%|的概率对敌人附加|0x36d94d::流血效果|，持续2回合。,62015
83015,烈・天罚,63015,3,1,1,10,-1,1,1,1,0,2222,0,-1,-1,-1,-1,-1,-1,-1,-1,-1,-1,-1,-1,2,1,-1,-1,-1,-1,追打带有|0xfd6139::地状态|的敌人，造成90%的伤害并附加|0xdc66f8::人状态|。,63003
85015,先天诀,65015,5,1,1,0,-1,1,1,1,0,1075,0,-1,-1,-1,-1,-1,-1,-1,-1,-1,-1,-1,-1,-1,-1,2,-1,-1,-1,"普攻击杀敌人后触发一次|0x36d94d::额外攻击|,并造成100%普攻伤害。",65001
81013,通灵诀,61013,1,1,1,0,-1,1,1,1,0,1666,0,-1,-1,-1,-1,-1,-1,-1,4,0,0,61913,-1,-1,-1,-1,-1,-1,-1,攻击正面敌人|0x36d94d::8%|概率触发3连击。,61003
82013,神龙破,62013,2,1,1,9,11321,1,1,1,0,2666,0,-1,-1,-1,10,3,0,-1,-1,-1,-1,-1,-1,-1,-1,-1,-1,-1,-1,攻击正面敌人造成|0x36d94d::68%|的法术伤害，并且|0x36d94d::13%|的概率晕眩敌人1回合。,62013
83013,疾・明王,63013,3,1,1,10,-1,1,1,1,0,960,0,-1,-1,-1,-1,-1,-1,-1,-1,-1,-1,-1,-1,1,0,-1,-1,-1,-1,追打带有|0x31a8fa::天状态|的敌人，造成90%的伤害并附加|0xfd6139::地状态|。,63001
81113,通灵诀,61013,1,1,1,0,-1,1,1,1,0,160,0,-1,-1,-1,-1,-1,-1,-1,4,0,0,61913,-1,-1,-1,-1,-1,-1,-1,攻击正面敌人|0x36d94d::8%|概率触发3连击。,61003
82113,神龙破,62013,2,1,1,9,11321,1,1,1,0,260,0,-1,-1,-1,10,3,1,-1,-1,-1,-1,-1,-1,-1,-1,-1,-1,-1,-1,攻击正面敌人造成|0x36d94d::68%|的法术伤害，并且|0x36d94d::13%|的概率晕眩敌人1回合。,62013
83113,疾・明王,63013,3,1,1,10,-1,1,1,1,0,150,0,-1,-1,-1,-1,-1,-1,-1,-1,-1,-1,-1,-1,1,0,-1,-1,-1,-1,追打带有|0x31a8fa::天状态|的敌人，造成90%的伤害并附加|0xfd6139::地状态|。,63001
81014,通灵诀,61014,1,1,1,0,-1,1,1,1,0,1999,0,-1,-1,-1,-1,-1,-1,-1,3,2,0,61914,-1,-1,-1,-1,-1,-1,-1,攻击正面敌人且有5%的概率触发3连击。,61002
82014,骤雨落Ⅰ,62014,2,1,1,13,-1,1,1,1,0,2999,0,2,9,11421,10,3,0,-1,-1,-1,-1,-1,-1,-1,-1,-1,-1,-1,-1,攻击后排敌人造成143%的法术伤害，而且增加所有队员10%的攻击持续1回合。,62014
83014,疾・明王,63014,3,1,1,0,-1,1,1,1,0,1666,0,-1,-1,-1,-1,-1,-1,-1,-1,-1,-1,-1,-1,3,1,-1,-1,-1,-1,追打带有|0x31a8fa::天状态|的敌人，造成90%的伤害并附加|0xfd6139::地状态|。,63001
84014,修罗定,64014,4,1,1,0,11441,0,1,1,0,0,0,-1,-1,-1,-1,-1,-1,-1,-1,-1,-1,-1,-1,-1,-1,-1,-1,-1,-1,普攻有13%的概率禁止敌人2回合内使用追击技能。,64003
85014,狂怒诀,65014,5,1,2,9,11451,0,1,1,0,0,0,-1,-1,-1,-1,-1,-1,-1,-1,-1,-1,-1,-1,-1,-1,-1,-1,-1,-1,进入战斗增加己方所有队员5%的暴击率持续3回合。,65003
81005,疾风击,61005,1,1,1,0,-1,1,1,1,0,99,0,-1,-1,-1,-1,-1,-1,-1,4,0,0,61905,-1,-1,-1,-1,-1,-1,-1,攻击正面敌人|0x36d94d::10%|概率触发4连击并附加|0xfd6139::地状态|。,61002
82005,双鞭斩Ⅰ,62005,2,1,1,0,-1,1,2,1,0,9999,0,-1,-1,-1,10,2,0,3,-1,-1,-1,-1,-1,-1,-1,-1,-1,-1,-1,攻击正面敌人造成118%%的物理伤害，并附加|0x31a8fa::天状态|。,62005
83005,疾・明王,63005,3,1,1,10,-1,1,1,1,0.9,1666,0,-1,-1,-1,-1,-1,-1,-1,-1,-1,-1,-1,-1,2,2,-1,-1,-1,-1,追打带有|0x31a8fa::天状态|的敌人，造成90%的伤害并附加|0xfd6139::地状态|。,63002
81017,通灵诀,61017,1,1,1,0,-1,1,2,1,0,1924,0,-1,-1,-1,-1,-1,-1,-1,3,0,0,61917,-1,-1,-1,-1,-1,-1,-1,随机攻击正面敌人|0x36d94d::8%|概率触发3连击。,61003
82017,金枪刺,62017,2,1,1,6,-1,1,1,1,0,1563,0,-1,-1,-1,20,3,0,2,-1,-1,-1,-1,-1,-1,-1,-1,-1,-1,-1,攻击竖排敌人造成|0x36d94d::162%|的法术伤害，并且|0x36d94d::11%|的概率沉默敌人1回合。,62017
83017,烈・天罚,63017,3,1,1,10,-1,1,1,1,0,865,0,-1,-1,-1,-1,-1,-1,-1,-1,-1,-1,-1,-1,2,1,-1,-1,-1,-1,追打带有|0xfd6139::地状态|的敌人，造成90%的伤害并附加|0xdc66f8::人状态|。,63003
81009,蛮力斩,61009,1,1,1,0,-1,1,1,1,0,854,0,-1,-1,-1,-1,-1,-1,-1,4,0,0,61909,-1,-1,-1,-1,-1,-1,-1,攻击正面敌人|0x36d94d::8%|概率触发4连击。,61002
83009,劫・天罚,63009,3,1,1,10,-1,1,1,1,0,769,0,-1,-1,-1,-1,-1,-1,-1,-1,-1,-1,-1,-1,1,1,-1,-1,-1,-1,追打带有|0xdc66f8::人状态|的敌人，造成90%的伤害并附加|0xdc66f8::人状态|。,63002
81020,清风决,61020,1,1,1,1,-1,1,1,1,0,793,0,-1,-1,-1,-1,-1,-1,-1,5,0,0,61920,-1,-1,-1,-1,-1,-1,-1,随机攻击正面敌人|0x36d94d::8%|概率触发3连击。,61002
82020,强袭戟,62020,2,1,1,9,-1,1,1,1,0,0,0,-1,-1,-1,20,3,3,-1,-1,-1,-1,-1,-1,-1,-1,-1,-1,-1,-1,攻击全体敌人并造成|0x36d94d::83%|的法术伤害。,62020
81010,怒火击,61010,1,1,1,0,-1,1,1,1,0,903,0,-1,-1,-1,-1,-1,-1,-1,3,0,0,61910,-1,-1,-1,-1,-1,-1,-1,攻击正面敌人|0x36d94d::12%|概率触发3连击并附加|0xfd6139::地状态|。,61004
71001,乱神斩,71001,1,1,1,0,-1,1,1,1,1,0,0,-1,-1,-1,-1,-1,-1,-1,-1,-1,-1,-1,-1,-1,-1,-1,-1,-1,-1,枪兵普通攻击,61004
72001,夺命斩,72001,2,1,1,0,-1,1,3,1,2,0,0,-1,-1,-1,20,3,3,1,-1,-1,-1,-1,-1,-1,-1,-1,-1,-1,-1,枪兵120%单体伤害,62009
73001,逆风袭,73001,3,1,1,10,-1,1,1,1,0.9,0,0,-1,-1,-1,-1,-1,-1,-1,-1,-1,-1,-1,-1,1,2,-1,-1,-1,-1,追打友军造成的|0x46b8f3::天状态|,63001
74001,破防诀,74001,4,1,2,0,-1,0,1,1,0,0,0,-1,-1,-1,-1,-1,-1,-1,-1,-1,-1,-1,1,-1,-1,-1,-1,-1,-1,枪兵没有技能,64007
75001,幽冥斩,75001,5,1,1,0,-1,1,1,1,0.6,0,0,-1,-1,-1,-1,-1,-1,-1,-1,-1,-1,-1,-1,-1,-1,-1,-1,-1,-1,枪兵锁定技,65002
71002,乱神斩,71002,1,1,1,0,-1,1,1,1,1,0,0,-1,-1,-1,-1,-1,-1,-1,3,2,1,71902,-1,-1,-1,-1,-1,-1,-1,刀兵普攻,61004
72002,夺命斩,71002,2,1,1,0,-1,1,1,1,2,0,0,-1,-1,-1,20,3,3,-1,-1,-1,-1,-1,-1,-1,-1,-1,-1,-1,-1,刀兵主动攻击,62009
73002,逆风袭,73002,3,1,1,0,-1,1,1,1,0.9,0,0,-1,-1,-1,-1,-1,-1,-1,-1,-1,-1,-1,-1,2,3,-1,-1,-1,-1,刀兵追击,63001
74002,破防诀,74002,4,1,1,0,-1,1,1,1,0,0,0,-1,-1,-1,-1,-1,-1,-1,-1,-1,-1,-1,-1,-1,-1,-1,-1,-1,-1,刀兵状态,64007
75002,幽冥斩,75002,5,1,1,0,-1,1,1,1,0.6,0,0,-1,-1,-1,-1,-1,-1,-1,-1,-1,-1,-1,-1,-1,-1,-1,-1,-1,-1,刀兵锁定技,65002
71003,乱神斩,71003,1,1,1,0,-1,1,1,1,1,0,0,-1,-1,-1,-1,-1,-1,-1,3,1.75,2,71903,-1,-1,-1,-1,-1,-1,-1,盔甲刀兵普攻,61004
72003,夺命斩,71003,2,1,1,0,-1,1,1,1,2,0,0,-1,-1,-1,20,3,2,-1,-1,-1,-1,-1,-1,-1,-1,-1,-1,-1,-1,盔甲刀兵主动攻击,62009
73003,逆风袭,73003,3,1,1,0,-1,1,1,1,0.9,0,0,-1,-1,-1,-1,-1,-1,-1,-1,-1,-1,-1,-1,2,2,-1,-1,-1,-1,盔甲刀兵追击,63001
74003,破防诀,74003,4,1,1,0,-1,1,1,1,0,0,0,-1,-1,-1,-1,-1,-1,-1,-1,-1,-1,-1,-1,-1,-1,-1,-1,-1,-1,盔甲刀兵状态,64007
75003,幽冥斩,75003,5,1,1,0,-1,1,1,1,0.6,0,0,-1,-1,-1,-1,-1,-1,-1,-1,-1,-1,-1,-1,-1,-1,-1,-1,-1,-1,盔甲刀兵锁定技,65002
71004,乱神斩,71004,1,1,1,0,-1,1,1,1,1,0,0,-1,-1,-1,-1,-1,-1,-1,3,2,3,71904,-1,-1,-1,-1,-1,-1,-1,布衣普攻,61004
72004,夺命斩,71004,2,1,1,0,-1,1,1,1,2,0,0,-1,-1,-1,20,3,2,-1,-1,-1,-1,-1,-1,-1,-1,-1,-1,-1,-1,布衣主动攻击,62009
73004,逆风袭,73004,3,1,1,0,-1,1,1,1,0.9,0,0,-1,-1,-1,-1,-1,-1,-1,-1,-1,-1,-1,-1,3,3,-1,-1,-1,-1,布衣追击,63001
74004,破防诀,74004,4,1,1,0,-1,1,1,1,0,0,0,-1,-1,-1,-1,-1,-1,-1,-1,-1,-1,-1,-1,-1,-1,-1,-1,-1,-1,布衣状态,64007
75004,幽冥斩,75004,5,1,1,0,-1,1,1,1,0.6,0,0,-1,-1,-1,-1,-1,-1,-1,-1,-1,-1,-1,-1,-1,-1,-1,-1,-1,-1,布衣锁定技,65002
71005,乱神斩,71005,1,1,1,0,-1,1,1,1,1,0,0,-1,-1,-1,-1,-1,-1,-1,3,2,1,71905,-1,-1,-1,-1,-1,-1,-1,带刀家丁普攻,61004
72005,夺命斩,71005,2,1,1,0,-1,1,1,1,2,0,0,-1,-1,-1,20,3,2,-1,-1,-1,-1,-1,-1,-1,-1,-1,-1,-1,-1,带刀家丁主动攻击,62009
73005,逆风袭,73005,3,1,1,0,-1,1,1,1,0.9,0,0,-1,-1,-1,-1,-1,-1,-1,-1,-1,-1,-1,-1,3,1,-1,-1,-1,-1,带刀家丁追击,63001
74005,破防诀,74005,4,1,1,0,-1,1,1,1,0,0,0,-1,-1,-1,-1,-1,-1,-1,-1,-1,-1,-1,-1,-1,-1,-1,-1,-1,-1,带刀家丁状态,64007
75005,幽冥斩,75005,5,1,1,0,-1,1,1,1,0.6,0,0,-1,-1,-1,-1,-1,-1,-1,-1,-1,-1,-1,-1,-1,-1,-1,-1,-1,-1,带刀家丁锁定技,65002
71006,乱神斩,71006,1,1,1,0,-1,1,1,1,1,0,0,-1,-1,-1,-1,-1,-1,-1,3,1.84,2,71906,-1,-1,-1,-1,-1,-1,-1,和尚普攻,61004
72006,夺命斩,71006,2,1,1,0,-1,1,1,1,2,0,0,-1,-1,-1,20,3,1,-1,-1,-1,-1,-1,-1,-1,-1,-1,-1,-1,-1,和尚主动攻击,62009
73006,逆风袭,73006,3,1,1,0,-1,1,1,1,0.9,0,0,-1,-1,-1,-1,-1,-1,-1,-1,-1,-1,-1,-1,2,1,-1,-1,-1,-1,和尚追击,63001
74006,破防诀,74006,4,1,1,0,-1,1,1,1,0,0,0,-1,-1,-1,-1,-1,-1,-1,-1,-1,-1,-1,-1,-1,-1,-1,-1,-1,-1,和尚状态,64007
75006,金刚护体,75006,5,1,1,0,-1,0,1,1,0.6,0,0,-1,-1,-1,-1,-1,-1,-1,-1,-1,-1,-1,-1,-1,-1,-1,-1,-1,-1,和尚锁定技,65002
71007,乱神斩,71007,1,1,1,0,-1,1,1,1,1,0,0,-1,-1,-1,-1,-1,-1,-1,3,1.75,3,71907,-1,-1,-1,-1,-1,-1,-1,铜人和尚普攻,61004
72007,夺命斩,71007,2,1,1,0,-1,1,1,1,2,0,0,-1,-1,-1,20,3,2,-1,-1,-1,-1,-1,-1,-1,-1,-1,-1,-1,-1,铜人和尚主动攻击,62009
73007,逆风袭,73007,3,1,1,0,-1,1,1,1,0.9,0,0,-1,-1,-1,-1,-1,-1,-1,-1,-1,-1,-1,-1,1,3,-1,-1,-1,-1,铜人和尚追击,63001
74007,破防诀,74007,4,1,1,0,-1,1,1,1,0,0,0,-1,-1,-1,-1,-1,-1,-1,-1,-1,-1,-1,-1,-1,-1,-1,-1,-1,-1,铜人和尚状态,64007
75007,金刚护体,75007,5,1,2,11,10551,0,1,1,0,0,0,-1,-1,-1,-1,-1,-1,-1,-1,-1,-1,-1,-1,-1,-1,3,-1,-1,-1,铜人和尚锁定技,65002
71008,乱神斩,71008,1,1,1,0,-1,1,1,1,1,0,0,-1,-1,-1,-1,-1,-1,-1,3,1.84,1,71908,-1,-1,-1,-1,-1,-1,-1,棒兵普攻,61004
72008,夺命斩,71008,2,1,1,0,-1,1,1,1,2,0,0,-1,-1,-1,40,3,2,-1,-1,-1,-1,-1,-1,-1,-1,-1,-1,-1,-1,棒兵主动攻击,62009
73008,逆风袭,73008,3,1,1,0,-1,1,1,1,0.9,0,0,-1,-1,-1,-1,-1,-1,-1,-1,-1,-1,-1,-1,2,1,-1,-1,-1,-1,棒兵追击,63001
74008,破防诀,74008,4,1,1,0,-1,1,1,1,0,0,0,-1,-1,-1,-1,-1,-1,-1,-1,-1,-1,-1,-1,-1,-1,-1,-1,-1,-1,棒兵状态,64007
75008,幽冥斩,75008,5,1,1,0,-1,1,1,1,0.6,0,0,-1,-1,-1,-1,-1,-1,-1,-1,-1,-1,-1,-1,-1,-1,-1,-1,-1,-1,棒兵锁定技,65002
71009,疾风击,71009,1,1,1,0,-1,1,1,1,1,0,0,-1,-1,-1,-1,-1,-1,-1,3,2,2,71909,-1,-1,-1,-1,-1,-1,-1,0,61002
72009,狼牙连斩,72009,2,1,1,9,-1,1,3,1,1.06,0,0,-1,-1,-1,20,3,1,-1,-1,-1,-1,-1,-1,-1,-1,-1,-1,-1,-1,0,62009
72109,狼牙连斩,72009,2,1,1,9,-1,1,3,1,1.06,0,0,-1,-1,-1,20,3,0,-1,-1,-1,-1,-1,-1,-1,-1,-1,-1,-1,-1,0,62009
73009,疾・云动,73009,3,1,1,0,-1,1,1,1,0.9,0,0,-1,-1,-1,-1,-1,-1,-1,-1,-1,-1,-1,-1,3,3,-1,-1,-1,-1,0,63002
74009,修罗斩,74009,4,1,1,0,-1,1,1,1,1,0,0,-1,-1,-1,-1,-1,-1,-1,-1,-1,-1,-1,-1,-1,-1,-1,-1,-1,-1,0,64007
75009,天武阵,75009,5,1,2,11,19990,0,1,1,0,0,0,-1,-1,-1,-1,-1,-1,-1,-1,-1,-1,-1,-1,-1,-1,3,-1,-1,-1,0,65002
71010,疾风击,71010,1,1,1,0,-1,1,1,1,1,0,0,-1,-1,-1,-1,-1,-1,-1,6,2,2,71910,-1,-1,-1,-1,-1,-1,-1,0,61002
72010,毁天灭地,72010,2,1,1,9,-1,1,6,1,1.06,0,0,-1,-1,-1,20,3,2,-1,-1,-1,-1,-1,-1,-1,-1,-1,-1,-1,-1,0,62009
72110,毁天灭地,72010,2,1,1,9,-1,1,6,1,1.06,0,0,-1,-1,-1,20,3,0,-1,-1,-1,-1,-1,-1,-1,-1,-1,-1,-1,-1,0,62009
73010,疾・云动,73010,3,1,1,0,-1,1,1,1,0.9,0,0,-1,-1,-1,-1,-1,-1,-1,-1,-1,-1,-1,-1,2,3,-1,-1,-1,-1,0,63002
74010,修罗斩,74010,4,1,1,0,-1,1,1,1,1,0,0,-1,-1,-1,-1,-1,-1,-1,-1,-1,-1,-1,-1,-1,-1,-1,-1,-1,-1,0,64007
75010,天武阵,75010,5,1,2,11,19991,0,1,1,0,0,0,-1,-1,-1,-1,-1,-1,-1,-1,-1,-1,-1,-1,-1,-1,3,-1,-1,-1,0,65002
71011,疾风击,71011,1,1,1,0,-1,1,1,1,1,0,0,-1,-1,-1,-1,-1,-1,-1,3,2,2,71911,-1,-1,-1,-1,-1,-1,-1,0,61002
72011,地动山摇,72011,2,1,1,9,-1,1,2,1,1.06,0,0,-1,-1,-1,20,3,1,-1,-1,-1,-1,-1,-1,-1,-1,-1,-1,-1,-1,0,62009
72111,地动山摇,72011,2,1,1,9,-1,1,2,1,0,260,0,-1,-1,-1,20,3,0,-1,-1,-1,-1,-1,-1,-1,-1,-1,-1,-1,-1,0,62009
73011,疾・云动,73011,3,1,1,0,-1,1,1,1,0.9,0,0,-1,-1,-1,-1,-1,-1,-1,-1,-1,-1,-1,-1,1,3,-1,-1,-1,-1,0,63002
74011,修罗斩,74011,4,1,1,0,-1,1,1,1,1,0,0,-1,-1,-1,-1,-1,-1,-1,-1,-1,-1,-1,-1,-1,-1,-1,-1,-1,-1,0,64007
75011,天武阵,75011,5,1,1,0,-1,1,1,1,1,0,0,-1,-1,-1,-1,-1,-1,-1,-1,-1,-1,-1,-1,-1,-1,-1,-1,-1,-1,0,65002
71012,疾风击,71012,1,1,1,0,-1,1,1,1,1,0,0,-1,-1,-1,-1,-1,-1,-1,6,2,2,71912,-1,-1,-1,-1,-1,-1,-1,0,61002
72012,佛光普照,72012,2,1,1,9,-1,1,6,1,1.06,0,0,-1,-1,-1,20,3,2,-1,-1,-1,-1,-1,-1,-1,-1,-1,-1,-1,-1,0,62009
73012,疾・云动,73012,3,1,1,0,-1,1,1,1,0.9,0,0,-1,-1,-1,-1,-1,-1,-1,-1,-1,-1,-1,-1,3,2,-1,-1,-1,-1,0,63002
74012,修罗斩,74012,4,1,1,0,-1,1,1,1,1,0,0,-1,-1,-1,-1,-1,-1,-1,-1,-1,-1,-1,-1,-1,-1,-1,-1,-1,-1,0,64007
75012,天武阵,75012,5,1,1,0,-1,1,1,1,1,0,0,-1,-1,-1,-1,-1,-1,-1,-1,-1,-1,-1,-1,-1,-1,-1,-1,-1,-1,0,65002
71013,乱神斩,71013,1,1,2,7,-1,2,1,1,1,0,0,-1,-1,-1,-1,-1,-1,-1,3,2,3,71913,-1,-1,-1,-1,-1,-1,-1,0,61004
72013,夺命斩,71013,2,1,2,7,-1,2,1,1,2,0,0,-1,-1,-1,20,3,2,-1,-1,-1,-1,-1,-1,-1,-1,-1,-1,-1,-1,0,62009
73013,逆风袭,73003,3,1,1,0,-1,1,1,1,0.9,0,0,-1,-1,-1,-1,-1,-1,-1,-1,-1,-1,-1,-1,3,3,-1,-1,-1,-1,0,63001
74013,破防诀,74003,4,1,1,0,-1,1,1,1,0,0,0,-1,-1,-1,-1,-1,-1,-1,-1,-1,-1,-1,-1,-1,-1,-1,-1,-1,-1,0,64007
75013,幽冥斩,75003,5,1,1,0,-1,1,1,1,0.6,0,0,-1,-1,-1,-1,-1,-1,-1,-1,-1,-1,-1,-1,-1,-1,-1,-1,-1,-1,0,65002
71014,0,0,0,0,0,0,0,0,0,0,0,0,0,0,0,0,0,0,0,0,0,0,0,0,0,0,0,0,0,0,0,0,0
72014,0,0,0,0,0,0,0,0,0,0,0,0,0,0,0,0,0,0,0,0,0,0,0,0,0,0,0,0,0,0,0,0,0
73014,0,0,0,0,0,0,0,0,0,0,0,0,0,0,0,0,0,0,0,0,0,0,0,0,0,0,0,0,0,0,0,0,0
74014,0,0,0,0,0,0,0,0,0,0,0,0,0,0,0,0,0,0,0,0,0,0,0,0,0,0,0,0,0,0,0,0,0
75014,0,0,0,0,0,0,0,0,0,0,0,0,0,0,0,0,0,0,0,0,0,0,0,0,0,0,0,0,0,0,0,0,0
71015,0,0,0,0,0,0,0,0,0,0,0,0,0,0,0,0,0,0,0,0,0,0,0,0,0,0,0,0,0,0,0,0,0
72015,0,0,0,0,0,0,0,0,0,0,0,0,0,0,0,0,0,0,0,0,0,0,0,0,0,0,0,0,0,0,0,0,0
73015,0,0,0,0,0,0,0,0,0,0,0,0,0,0,0,0,0,0,0,0,0,0,0,0,0,0,0,0,0,0,0,0,0
74015,0,0,0,0,0,0,0,0,0,0,0,0,0,0,0,0,0,0,0,0,0,0,0,0,0,0,0,0,0,0,0,0,0
75015,0,0,0,0,0,0,0,0,0,0,0,0,0,0,0,0,0,0,0,0,0,0,0,0,0,0,0,0,0,0,0,0,0
71016,0,0,0,0,0,0,0,0,0,0,0,0,0,0,0,0,0,0,0,0,0,0,0,0,0,0,0,0,0,0,0,0,0
72016,0,0,0,0,0,0,0,0,0,0,0,0,0,0,0,0,0,0,0,0,0,0,0,0,0,0,0,0,0,0,0,0,0
73016,0,0,0,0,0,0,0,0,0,0,0,0,0,0,0,0,0,0,0,0,0,0,0,0,0,0,0,0,0,0,0,0,0
74016,0,0,0,0,0,0,0,0,0,0,0,0,0,0,0,0,0,0,0,0,0,0,0,0,0,0,0,0,0,0,0,0,0
75016,0,0,0,0,0,0,0,0,0,0,0,0,0,0,0,0,0,0,0,0,0,0,0,0,0,0,0,0,0,0,0,0,0
71017,0,0,0,0,0,0,0,0,0,0,0,0,0,0,0,0,0,0,0,0,0,0,0,0,0,0,0,0,0,0,0,0,0
72017,0,0,0,0,0,0,0,0,0,0,0,0,0,0,0,0,0,0,0,0,0,0,0,0,0,0,0,0,0,0,0,0,0
73017,0,0,0,0,0,0,0,0,0,0,0,0,0,0,0,0,0,0,0,0,0,0,0,0,0,0,0,0,0,0,0,0,0
74017,0,0,0,0,0,0,0,0,0,0,0,0,0,0,0,0,0,0,0,0,0,0,0,0,0,0,0,0,0,0,0,0,0
75017,0,0,0,0,0,0,0,0,0,0,0,0,0,0,0,0,0,0,0,0,0,0,0,0,0,0,0,0,0,0,0,0,0
71018,0,0,0,0,0,0,0,0,0,0,0,0,0,0,0,0,0,0,0,0,0,0,0,0,0,0,0,0,0,0,0,0,0
72018,0,0,0,0,0,0,0,0,0,0,0,0,0,0,0,0,0,0,0,0,0,0,0,0,0,0,0,0,0,0,0,0,0
73018,0,0,0,0,0,0,0,0,0,0,0,0,0,0,0,0,0,0,0,0,0,0,0,0,0,0,0,0,0,0,0,0,0
74018,0,0,0,0,0,0,0,0,0,0,0,0,0,0,0,0,0,0,0,0,0,0,0,0,0,0,0,0,0,0,0,0,0
75018,0,0,0,0,0,0,0,0,0,0,0,0,0,0,0,0,0,0,0,0,0,0,0,0,0,0,0,0,0,0,0,0,0
71019,0,0,0,0,0,0,0,0,0,0,0,0,0,0,0,0,0,0,0,0,0,0,0,0,0,0,0,0,0,0,0,0,0
72019,0,0,0,0,0,0,0,0,0,0,0,0,0,0,0,0,0,0,0,0,0,0,0,0,0,0,0,0,0,0,0,0,0
73019,0,0,0,0,0,0,0,0,0,0,0,0,0,0,0,0,0,0,0,0,0,0,0,0,0,0,0,0,0,0,0,0,0
74019,0,0,0,0,0,0,0,0,0,0,0,0,0,0,0,0,0,0,0,0,0,0,0,0,0,0,0,0,0,0,0,0,0
75019,0,0,0,0,0,0,0,0,0,0,0,0,0,0,0,0,0,0,0,0,0,0,0,0,0,0,0,0,0,0,0,0,0
71020,0,0,0,0,0,0,0,0,0,0,0,0,0,0,0,0,0,0,0,0,0,0,0,0,0,0,0,0,0,0,0,0,0
72020,0,0,0,0,0,0,0,0,0,0,0,0,0,0,0,0,0,0,0,0,0,0,0,0,0,0,0,0,0,0,0,0,0
73020,0,0,0,0,0,0,0,0,0,0,0,0,0,0,0,0,0,0,0,0,0,0,0,0,0,0,0,0,0,0,0,0,0
74020,0,0,0,0,0,0,0,0,0,0,0,0,0,0,0,0,0,0,0,0,0,0,0,0,0,0,0,0,0,0,0,0,0
75020,0,0,0,0,0,0,0,0,0,0,0,0,0,0,0,0,0,0,0,0,0,0,0,0,0,0,0,0,0,0,0,0,0
71021,0,0,0,0,0,0,0,0,0,0,0,0,0,0,0,0,0,0,0,0,0,0,0,0,0,0,0,0,0,0,0,0,0
72021,0,0,0,0,0,0,0,0,0,0,0,0,0,0,0,0,0,0,0,0,0,0,0,0,0,0,0,0,0,0,0,0,0
73021,0,0,0,0,0,0,0,0,0,0,0,0,0,0,0,0,0,0,0,0,0,0,0,0,0,0,0,0,0,0,0,0,0
74021,0,0,0,0,0,0,0,0,0,0,0,0,0,0,0,0,0,0,0,0,0,0,0,0,0,0,0,0,0,0,0,0,0
75021,0,0,0,0,0,0,0,0,0,0,0,0,0,0,0,0,0,0,0,0,0,0,0,0,0,0,0,0,0,0,0,0,0
71022,0,0,0,0,0,0,0,0,0,0,0,0,0,0,0,0,0,0,0,0,0,0,0,0,0,0,0,0,0,0,0,0,0
72022,0,0,0,0,0,0,0,0,0,0,0,0,0,0,0,0,0,0,0,0,0,0,0,0,0,0,0,0,0,0,0,0,0
73022,0,0,0,0,0,0,0,0,0,0,0,0,0,0,0,0,0,0,0,0,0,0,0,0,0,0,0,0,0,0,0,0,0
74022,0,0,0,0,0,0,0,0,0,0,0,0,0,0,0,0,0,0,0,0,0,0,0,0,0,0,0,0,0,0,0,0,0
75022,0,0,0,0,0,0,0,0,0,0,0,0,0,0,0,0,0,0,0,0,0,0,0,0,0,0,0,0,0,0,0,0,0
71023,0,0,0,0,0,0,0,0,0,0,0,0,0,0,0,0,0,0,0,0,0,0,0,0,0,0,0,0,0,0,0,0,0
72023,0,0,0,0,0,0,0,0,0,0,0,0,0,0,0,0,0,0,0,0,0,0,0,0,0,0,0,0,0,0,0,0,0
73023,0,0,0,0,0,0,0,0,0,0,0,0,0,0,0,0,0,0,0,0,0,0,0,0,0,0,0,0,0,0,0,0,0
74023,0,0,0,0,0,0,0,0,0,0,0,0,0,0,0,0,0,0,0,0,0,0,0,0,0,0,0,0,0,0,0,0,0
75023,0,0,0,0,0,0,0,0,0,0,0,0,0,0,0,0,0,0,0,0,0,0,0,0,0,0,0,0,0,0,0,0,0
71024,0,0,0,0,0,0,0,0,0,0,0,0,0,0,0,0,0,0,0,0,0,0,0,0,0,0,0,0,0,0,0,0,0
72024,0,0,0,0,0,0,0,0,0,0,0,0,0,0,0,0,0,0,0,0,0,0,0,0,0,0,0,0,0,0,0,0,0
73024,0,0,0,0,0,0,0,0,0,0,0,0,0,0,0,0,0,0,0,0,0,0,0,0,0,0,0,0,0,0,0,0,0
74024,0,0,0,0,0,0,0,0,0,0,0,0,0,0,0,0,0,0,0,0,0,0,0,0,0,0,0,0,0,0,0,0,0
75024,0,0,0,0,0,0,0,0,0,0,0,0,0,0,0,0,0,0,0,0,0,0,0,0,0,0,0,0,0,0,0,0,0
71025,0,0,0,0,0,0,0,0,0,0,0,0,0,0,0,0,0,0,0,0,0,0,0,0,0,0,0,0,0,0,0,0,0
72025,0,0,0,0,0,0,0,0,0,0,0,0,0,0,0,0,0,0,0,0,0,0,0,0,0,0,0,0,0,0,0,0,0
73025,0,0,0,0,0,0,0,0,0,0,0,0,0,0,0,0,0,0,0,0,0,0,0,0,0,0,0,0,0,0,0,0,0
74025,0,0,0,0,0,0,0,0,0,0,0,0,0,0,0,0,0,0,0,0,0,0,0,0,0,0,0,0,0,0,0,0,0
75025,0,0,0,0,0,0,0,0,0,0,0,0,0,0,0,0,0,0,0,0,0,0,0,0,0,0,0,0,0,0,0,0,0
71026,0,0,0,0,0,0,0,0,0,0,0,0,0,0,0,0,0,0,0,0,0,0,0,0,0,0,0,0,0,0,0,0,0
72026,0,0,0,0,0,0,0,0,0,0,0,0,0,0,0,0,0,0,0,0,0,0,0,0,0,0,0,0,0,0,0,0,0
73026,0,0,0,0,0,0,0,0,0,0,0,0,0,0,0,0,0,0,0,0,0,0,0,0,0,0,0,0,0,0,0,0,0
74026,0,0,0,0,0,0,0,0,0,0,0,0,0,0,0,0,0,0,0,0,0,0,0,0,0,0,0,0,0,0,0,0,0
75026,0,0,0,0,0,0,0,0,0,0,0,0,0,0,0,0,0,0,0,0,0,0,0,0,0,0,0,0,0,0,0,0,0
79000,天武阵,79000,5,1,2,11,19999,0,1,1,0,0,0,-1,-1,-1,-1,-1,-1,-1,-1,-1,-1,-1,-1,-1,-1,3,-1,-1,-1,0,65002
79001,往生咒,79001,2,1,2,9,-1,2,1,1,1,300,1,-1,-1,-1,20,3,1,-1,-1,-1,-1,-1,-1,-1,-1,-1,-1,-1,-1,和尚加血技能,65002
79002,骤雨落,62014,2,1,1,9,-1,1,1,1,0,999999,0,-1,-1,-1,40,3,2,-1,-1,-1,-1,-1,-1,-1,-1,-1,-1,-1,-1,BOSS群攻,62008
79003,狼牙连斩,72009,2,1,1,9,-1,1,3,1,1,2999997,0,-1,-1,-1,40,1,2,-1,-1,-1,-1,-1,-1,-1,-1,-1,-1,-1,-1,0,62009
79004,毁天灭地,72010,2,1,1,9,-1,1,6,1,1,5999994,0,-1,-1,-1,40,1,2,-1,-1,-1,-1,-1,-1,-1,-1,-1,-1,-1,-1,0,62009
79904,毁天灭地,72010,1,1,1,9,-1,1,6,1,0,9999,0,-1,-1,-1,20,3,0,-1,-1,-1,-1,-1,-1,-1,-1,-1,-1,-1,-1,0,62009
79005,地动山摇,72011,2,1,1,9,-1,1,2,1,1,1999998,0,-1,-1,-1,40,1,2,-1,-1,-1,-1,-1,-1,-1,-1,-1,-1,-1,-1,0,62009
79006,佛光普照,72012,2,1,1,9,-1,1,6,1,1,5999994,0,-1,-1,-1,40,1,2,-1,-1,-1,-1,-1,-1,-1,-1,-1,-1,-1,-1,0,62009
75999,神魔变,75010,5,1,2,11,-1,0,1,1,0,0,0,-1,-1,-1,-1,-1,-1,-1,-1,-1,-1,-1,-1,-1,-1,6,1,420993,2,普攻前治疗血量最低的队员50%的气血，并清除所有负面BUFF。,65002
79105,地动山摇,72011,2,1,1,9,-1,1,2,1,1,1999998,0,-1,-1,-1,40,4,4,-1,-1,-1,-1,-1,-1,-1,-1,-1,-1,-1,-1,0,62009
79106,佛光普照,72012,2,1,1,9,-1,1,6,1,1,5999994,0,-1,-1,-1,40,4,4,-1,-1,-1,-1,-1,-1,-1,-1,-1,-1,-1,-1,0,62009
